t,roll,pitch,yaw,up,upset,cmd_roll_deg,cmd_pitch_deg,cmd_yaw_deg,thrust,bx,by,bz,blend,bearing_deg,desired_roll,d_lat,d_vert,vY_imu,vY_fused,vD,vX,v_target,pitch_des,elev_i,elev_err,agl,turn_ff,reliable,vision_valid,elev_fresh,is_new_d,bl_found,bl_hdg,bl_conf,bl_hdg_valid,bl_span,bl_paired,bl_cy,bl_gap,src_switch,source,infer_ms,mode,gate,gate_id,peek_side,peek_strength,peek_active,occ_gap,collision
1785735665.528,0.000,-17.800,0.000,0.9521,0,-0.800,15.800,-0.807,0.3038,9.814,0.071,-3.824,1.000,0.412,0.800,-0.0000,-0.0000,-0.000,-0.000,-0.000,-0.000,1.809,-2.000,0.0061,-0.641,nan,0.39,1,1,1,1,1,0.0138,1.000,1,0.526,8,0.022,0,0,anduril,,anduril,0,0,-1,0.020,1,0,0
1785735665.632,0.004,-17.778,0.003,0.9522,0,-0.569,15.778,-0.807,0.3041,9.814,0.071,-3.824,1.000,0.412,0.573,-0.0002,0.0022,-0.000,-0.000,0.002,0.009,1.805,-2.000,0.0061,-0.645,nan,0.39,1,1,1,0,1,0.0138,1.000,1,0.526,8,0.022,0,0,anduril,,anduril,0,0,-1,0.040,1,0,0
1785735665.666,0.104,-14.385,0.084,0.9686,0,-0.335,14.278,-0.818,0.3208,9.802,0.072,-3.831,1.000,0.424,0.439,-0.0120,2.0000,0.000,-0.001,-0.025,0.040,1.200,-2.000,0.0061,-1.276,nan,0.39,1,1,1,1,1,0.0138,1.000,1,0.526,8,0.022,5,0,anduril,,anduril,0,0,-1,0.059,1,5,0
1785735665.713,0.119,-13.144,0.189,0.9738,0,-0.133,12.778,-0.710,0.3221,9.802,0.072,-3.831,1.000,0.424,0.252,0.0025,-0.0341,0.001,0.001,-0.059,0.073,1.200,-2.000,0.0061,-1.502,nan,0.29,1,1,1,0,1,0.0100,1.000,1,0.524,8,0.001,0,0,anduril,,anduril,0,0,-1,0.067,1,0,0
1785735665.820,0.157,-9.132,0.378,0.9873,0,0.144,11.278,-0.710,0.3216,9.802,0.072,-3.831,1.000,0.424,0.013,0.0056,-0.2805,0.004,0.004,-0.305,0.237,1.200,-2.000,0.0061,-2.227,nan,0.29,1,1,1,0,1,0.0100,1.000,1,0.524,8,0.001,0,0,anduril,,anduril,0,0,-1,0.084,1,0,0
1785735665.920,0.124,-6.970,0.501,0.9926,0,0.327,9.778,-0.710,0.3094,9.802,0.072,-3.831,1.000,0.424,-0.203,0.0070,-0.5108,0.006,0.006,-0.535,0.333,1.200,-1.572,0.0061,-2.613,nan,0.29,1,1,1,0,1,0.0100,1.000,1,0.524,8,0.001,0,0,anduril,,anduril,0,0,-1,0.101,1,0,0
1785735666.018,0.051,-4.144,0.671,0.9974,0,0.465,8.278,-0.710,0.2933,9.802,0.072,-3.831,1.000,0.424,-0.414,0.0081,-0.8355,0.007,0.007,-0.860,0.441,1.200,-0.916,0.0061,-3.113,nan,0.29,1,1,1,0,1,0.0100,1.000,1,0.524,8,0.001,0,0,anduril,,anduril,0,0,-1,0.118,1,0,0
1785735666.188,-0.104,-0.842,0.901,0.9999,0,0.494,6.778,-0.710,0.2805,9.802,0.072,-3.831,1.000,0.424,-0.598,0.0072,-1.1034,0.006,0.006,-1.128,0.529,1.200,-0.637,0.0061,-3.687,nan,0.29,1,1,1,0,1,0.0100,1.000,1,0.524,8,0.001,0,0,anduril,,anduril,0,0,-1,0.134,1,0,0
1785735666.282,-0.246,1.622,1.093,0.9996,0,0.497,5.278,-0.710,0.2702,9.802,0.072,-3.831,1.000,0.424,-0.743,0.0035,-1.2176,0.002,0.002,-1.242,0.547,1.200,-1.311,0.0061,-4.107,nan,0.29,1,1,1,0,1,0.0100,1.000,1,0.524,8,0.001,0,0,anduril,,anduril,0,0,-1,0.151,1,0,0
1785735666.363,-0.319,2.629,1.189,0.9989,0,0.580,3.778,-0.710,0.2704,9.802,0.072,-3.831,1.000,0.424,-0.899,0.0006,-1.2420,-0.001,-0.001,-1.266,0.535,1.200,-2.000,0.0061,-4.277,nan,0.29,1,1,1,0,1,0.0100,1.000,1,0.524,8,0.001,0,0,anduril,,anduril,0,0,-1,0.168,1,0,0
1785735666.433,-0.399,3.407,1.287,0.9982,0,0.647,2.278,-0.710,0.2706,9.802,0.072,-3.831,1.000,0.424,-1.045,-0.0031,-1.2269,-0.005,-0.005,-1.251,0.509,1.200,-2.000,0.0061,-4.407,nan,0.29,1,1,1,0,1,0.0100,1.000,1,0.524,8,0.001,0,0,anduril,,anduril,0,0,-1,0.185,1,0,0
1785735666.534,-0.535,4.124,1.432,0.9974,0,0.614,0.778,-0.710,0.2708,9.802,0.072,-3.831,1.000,0.424,-1.149,-0.0098,-1.1985,-0.011,-0.011,-1.223,0.451,1.200,-2.000,0.0061,-4.526,nan,0.29,1,1,1,0,1,0.0100,1.000,1,0.524,8,0.001,0,0,anduril,,anduril,0,0,-1,0.202,1,0,0
1785735666.661,-0.678,4.500,1.587,0.9968,0,0.536,-0.722,-0.710,0.2710,9.802,0.072,-3.831,1.000,0.424,-1.214,-0.0194,-1.1970,-0.021,-0.021,-1.222,0.375,1.200,-2.000,0.0061,-4.589,nan,0.29,1,1,1,0,1,0.0100,1.000,1,0.524,8,0.001,0,0,anduril,,anduril,0,0,-1,0.218,1,0,0
1785735666.722,-0.813,4.624,1.746,0.9966,0,0.430,-2.222,-0.710,0.2710,9.802,0.072,-3.831,1.000,0.424,-1.242,-0.0316,-1.2050,-0.033,-0.033,-1.230,0.290,1.200,-2.000,0.0061,-4.609,nan,0.29,1,1,1,0,1,0.0100,1.000,1,0.524,8,0.001,0,0,anduril,,anduril,0,0,-1,0.235,1,0,0
1785735666.815,-0.887,4.405,1.859,0.9969,0,0.420,-3.722,-0.710,0.2710,9.802,0.072,-3.831,1.000,0.424,-1.307,-0.0411,-1.2117,-0.043,-0.043,-1.236,0.229,1.200,-2.000,0.0061,-4.573,nan,0.29,1,1,1,0,1,0.0100,1.000,1,0.524,8,0.001,0,0,anduril,,anduril,0,0,-1,0.252,1,0,0
1785735666.897,-1.011,3.383,2.082,0.9981,0,0.215,-5.222,-0.710,0.2706,9.802,0.072,-3.831,1.000,0.424,-1.226,-0.0613,-1.2254,-0.063,-0.063,-1.250,0.118,1.200,-2.000,0.0061,-4.404,nan,0.29,1,1,1,0,1,0.0100,1.000,1,0.524,8,0.001,0,0,anduril,,anduril,0,0,-1,0.269,1,0,0
1785735666.972,-1.028,2.965,2.143,0.9985,0,0.314,-4.965,-0.710,0.2705,9.802,0.072,-3.831,1.000,0.424,-1.342,-0.0672,-1.2288,-0.069,-0.069,-1.253,0.092,1.200,-2.000,0.0061,-4.334,nan,0.29,1,1,1,0,1,0.0100,1.000,1,0.524,8,0.001,0,0,anduril,,anduril,0,0,-1,0.286,1,0,0
1785735667.065,-1.093,1.716,2.327,0.9994,0,0.198,-3.716,-0.710,0.2703,9.802,0.072,-3.831,1.000,0.424,-1.291,-0.0851,-1.2381,-0.087,-0.087,-1.263,0.028,1.200,-2.000,0.0061,-4.124,nan,0.29,1,1,1,0,1,0.0100,1.000,1,0.524,8,0.001,0,0,anduril,,anduril,0,0,-1,0.302,1,0,0
1785735667.151,-1.152,0.665,2.512,0.9997,0,-0.130,-2.665,-0.710,0.2702,9.802,0.072,-3.831,1.000,0.424,-1.022,-0.1046,-1.2457,-0.106,-0.106,-1.270,-0.010,1.200,-2.000,0.0061,-3.945,nan,0.29,1,1,1,0,1,0.0100,1.000,1,0.524,8,0.001,0,0,anduril,,anduril,0,0,-1,0.302,1,0,0
1785735667.239,-1.132,0.205,2.630,0.9998,0,-0.306,-2.205,-0.710,0.2702,9.802,0.072,-3.831,1.000,0.424,-0.826,-0.1189,-1.2499,-0.120,-0.120,-1.274,-0.023,1.200,-2.000,0.0061,-3.867,nan,0.29,1,1,1,0,1,0.0100,1.000,1,0.524,8,0.001,0,0,anduril,,anduril,0,0,-1,0.302,1,0,0
1785735667.380,-1.061,-0.393,2.807,0.9998,0,-0.529,-1.607,-0.710,0.2702,9.802,0.072,-3.831,1.000,0.424,-0.531,-0.1403,-1.2555,-0.142,-0.142,-1.280,-0.031,1.200,-2.000,0.0061,-3.764,nan,0.29,1,1,1,0,1,0.0100,1.000,1,0.524,8,0.001,0,0,anduril,,anduril,0,0,-1,0.302,1,0,0
1785735667.445,-1.036,-0.588,2.866,0.9998,0,-0.598,-1.412,-0.710,0.2702,9.802,0.072,-3.831,1.000,0.424,-0.438,-0.1470,-1.2573,-0.148,-0.148,-1.282,-0.031,1.200,-2.000,0.0061,-3.731,nan,0.29,1,1,1,0,1,0.0100,1.000,1,0.524,8,0.001,0,0,anduril,,anduril,0,0,-1,0.302,1,0,0
1785735667.536,-0.902,-0.997,3.035,0.9997,0,-0.734,-1.003,-0.710,0.2702,9.802,0.072,-3.831,1.000,0.424,-0.168,-0.1666,-1.2629,-0.168,-0.168,-1.287,-0.024,1.200,-2.000,0.0061,-3.661,nan,0.29,1,1,1,0,1,0.0100,1.000,1,0.524,8,0.001,0,0,anduril,,anduril,0,0,-1,0.302,1,0,0
1785735667.635,-0.759,-1.366,3.201,0.9996,0,-0.821,-0.634,-0.710,0.2702,9.802,0.072,-3.831,1.000,0.424,0.062,-0.1834,-1.2681,-0.185,-0.185,-1.293,-0.009,1.200,-2.000,0.0061,-3.597,nan,0.29,1,1,1,0,1,0.0100,1.000,1,0.524,8,0.001,0,0,anduril,,anduril,0,0,-1,0.302,1,0,0
1785735667.710,-0.578,-1.626,3.365,0.9995,0,-0.840,-0.374,-0.710,0.2703,9.802,0.072,-3.831,1.000,0.424,0.262,-0.1979,-1.2732,-0.199,-0.199,-1.298,0.013,1.200,-2.000,0.0061,-3.552,nan,0.29,1,1,1,0,1,0.0100,1.000,1,0.524,8,0.001,0,0,anduril,,anduril,0,0,-1,0.302,1,0,0
1785735667.771,-0.440,-1.721,3.475,0.9995,0,-0.819,-0.279,-0.710,0.2703,9.802,0.072,-3.831,1.000,0.424,0.379,-0.2064,-1.2766,-0.208,-0.208,-1.301,0.031,1.200,-2.000,0.0061,-3.535,nan,0.29,1,1,1,0,1,0.0100,1.000,1,0.524,8,0.001,0,0,anduril,,anduril,0,0,-1,0.302,1,0,0
1785735667.838,-0.304,-1.785,3.583,0.9995,0,-0.777,-0.215,-0.710,0.2703,9.802,0.072,-3.831,1.000,0.424,0.473,-0.2132,-1.2799,-0.215,-0.215,-1.304,0.050,1.200,-2.000,0.0061,-3.524,nan,0.29,1,1,1,0,1,0.0100,1.000,1,0.524,8,0.001,0,0,anduril,,anduril,0,0,-1,0.302,1,0,0
1785735667.879,-0.177,-1.832,3.687,0.9995,0,-0.718,-0.168,-0.710,0.2703,9.802,0.072,-3.831,1.000,0.424,0.541,-0.2182,-1.2830,-0.220,-0.220,-1.308,0.069,1.200,-2.000,0.0061,-3.516,nan,0.29,1,1,1,0,1,0.0100,1.000,1,0.524,8,0.001,0,0,anduril,,anduril,0,0,-1,0.302,1,0,0
1785735667.929,-0.120,-1.848,3.738,0.9995,0,-0.686,-0.152,-0.710,0.2703,9.802,0.072,-3.831,1.000,0.424,0.566,-0.2200,-1.2846,-0.221,-0.221,-1.309,0.079,1.200,-2.000,0.0061,-3.513,nan,0.29,1,1,1,0,1,0.0100,1.000,1,0.524,8,0.001,0,0,anduril,,anduril,0,0,-1,0.302,1,0,0
1785735667.999,-0.010,-1.879,3.843,0.9995,0,-0.611,-0.121,-0.710,0.2703,9.802,0.072,-3.831,1.000,0.424,0.602,-0.2226,-1.2877,-0.224,-0.224,-1.312,0.099,1.200,-2.000,0.0061,-3.508,nan,0.29,1,1,1,0,1,0.0100,1.000,1,0.524,8,0.001,0,0,anduril,,anduril,0,0,-1,0.302,1,0,0
1785735668.040,0.039,-1.891,3.895,0.9995,0,-0.572,-0.109,-0.710,0.2703,9.802,0.072,-3.831,1.000,0.424,0.612,-0.2233,-1.2892,-0.225,-0.225,-1.314,0.109,1.200,-2.000,0.0061,-3.505,nan,0.29,1,1,1,0,1,0.0100,1.000,1,0.524,8,0.001,0,0,anduril,,anduril,0,0,-1,0.302,1,0,0
1785735668.118,0.151,-1.918,4.019,0.9994,0,-0.470,-0.082,-0.710,0.2703,9.802,0.072,-3.831,1.000,0.424,0.621,-0.2240,-1.2928,-0.225,-0.225,-1.317,0.133,1.200,-2.000,0.0061,-3.501,nan,0.29,1,1,1,0,1,0.0100,1.000,1,0.524,8,0.001,0,0,anduril,,anduril,0,0,-1,0.302,1,0,0
1785735668.166,0.189,-1.927,4.062,0.9994,0,-0.431,-0.073,-0.710,0.2703,9.802,0.072,-3.831,1.000,0.424,0.620,-0.2239,-1.2941,-0.225,-0.225,-1.319,0.142,1.200,-2.000,0.0061,-3.499,nan,0.29,1,1,1,0,1,0.0100,1.000,1,0.524,8,0.001,0,0,anduril,,anduril,0,0,-1,0.302,1,0,0
1785735668.225,0.294,-1.950,4.210,0.9994,0,-0.299,-0.050,-0.710,0.2703,9.802,0.072,-3.831,1.000,0.424,0.593,-0.2220,-1.2983,-0.223,-0.223,-1.323,0.172,1.200,-2.000,0.0061,-3.495,nan,0.29,1,1,1,0,1,0.0100,1.000,1,0.524,8,0.001,0,0,anduril,,anduril,0,0,-1,0.302,1,0,0
1785735668.316,0.341,-1.960,4.313,0.9994,0,-0.216,-0.040,-0.710,0.2703,9.802,0.072,-3.831,1.000,0.424,0.556,-0.2193,-1.3013,-0.221,-0.221,-1.326,0.193,1.200,-2.000,0.0061,-3.493,nan,0.29,1,1,1,0,1,0.0100,1.000,1,0.524,8,0.001,0,0,anduril,,anduril,0,0,-1,0.302,1,0,0
1785735668.372,0.375,-1.969,4.420,0.9994,0,-0.132,-0.031,-0.710,0.2703,9.802,0.072,-3.831,1.000,0.424,0.507,-0.2157,-1.3043,-0.217,-0.217,-1.329,0.216,1.200,-2.000,0.0061,-3.491,nan,0.29,1,1,1,0,1,0.0100,1.000,1,0.524,8,0.001,0,0,anduril,,anduril,0,0,-1,0.302,1,0,0
1785735668.427,0.394,-1.976,4.512,0.9994,0,-0.064,-0.024,-0.710,0.2703,9.802,0.072,-3.831,1.000,0.424,0.458,-0.2121,-1.3069,-0.214,-0.214,-1.331,0.235,1.200,-2.000,0.0061,-3.490,nan,0.29,1,1,1,0,1,0.0100,1.000,1,0.524,8,0.001,0,0,anduril,,anduril,0,0,-1,0.302,1,0,0
1785735668.490,0.400,-1.979,4.565,0.9994,0,-0.029,-0.021,-0.710,0.2703,9.802,0.072,-3.831,1.000,0.424,0.429,-0.2100,-1.3083,-0.211,-0.211,-1.333,0.246,1.200,-2.000,0.0061,-3.490,nan,0.29,1,1,1,0,1,0.0100,1.000,1,0.524,8,0.001,0,0,anduril,,anduril,0,0,-1,0.302,1,0,0
1785735668.553,0.409,-1.986,4.710,0.9994,0,0.062,-0.014,-0.710,0.2703,9.802,0.072,-3.831,1.000,0.424,0.347,-0.2041,-1.3120,-0.206,-0.206,-1.337,0.276,1.200,-2.000,0.0061,-3.488,nan,0.29,1,1,1,0,1,0.0100,1.000,1,0.524,8,0.001,0,0,anduril,,anduril,0,0,-1,0.302,1,0,0
1785735668.646,0.401,-1.990,4.815,0.9994,0,0.117,-0.010,-0.710,0.2703,9.802,0.072,-3.831,1.000,0.424,0.284,-0.1995,-1.3147,-0.201,-0.201,-1.339,0.297,1.200,-2.000,0.0061,-3.488,nan,0.29,1,1,1,0,1,0.0100,1.000,1,0.524,8,0.001,0,0,anduril,,anduril,0,0,-1,0.302,1,0,0
1785735668.695,0.385,-1.994,4.926,0.9994,0,0.168,-0.006,-0.710,0.2703,9.802,0.072,-3.831,1.000,0.424,0.217,-0.1946,-1.3175,-0.196,-0.196,-1.342,0.320,1.200,-2.000,0.0061,-3.487,nan,0.29,1,1,1,0,1,0.0100,1.000,1,0.524,8,0.001,0,0,anduril,,anduril,0,0,-1,0.302,1,0,0
1785735668.774,0.356,-1.996,5.028,0.9994,0,0.200,-0.004,-0.710,0.2703,9.802,0.072,-3.831,1.000,0.424,0.155,-0.1902,-1.3201,-0.192,-0.192,-1.345,0.342,1.200,-2.000,0.0061,-3.487,nan,0.29,1,1,1,0,1,0.0100,1.000,1,0.524,8,0.001,0,0,anduril,,anduril,0,0,-1,0.302,1,0,0
1785735668.828,0.324,-1.998,5.132,0.9994,0,0.227,-0.002,-0.710,0.2703,9.802,0.072,-3.831,1.000,0.424,0.097,-0.1859,-1.3226,-0.187,-0.187,-1.347,0.364,1.200,-2.000,0.0061,-3.487,nan,0.29,1,1,1,0,1,0.0100,1.000,1,0.524,8,0.001,0,0,anduril,,anduril,0,0,-1,0.302,1,0,0
1785735668.883,0.288,-1.999,5.227,0.9994,0,0.241,-0.001,-0.710,0.2703,9.802,0.072,-3.831,1.000,0.424,0.047,-0.1823,-1.3249,-0.184,-0.184,-1.349,0.384,1.200,-2.000,0.0061,-3.486,nan,0.29,1,1,1,0,1,0.0100,1.000,1,0.524,8,0.001,0,0,anduril,,anduril,0,0,-1,0.302,1,0,0
1785735668.957,0.258,-1.999,5.303,0.9994,0,0.246,-0.001,-0.710,0.2703,9.802,0.072,-3.831,1.000,0.424,0.012,-0.1797,-1.3267,-0.181,-0.181,-1.351,0.399,1.200,-2.000,0.0061,-3.486,nan,0.29,1,1,1,0,1,0.0100,1.000,1,0.524,8,0.001,99,0,anduril,,anduril,0,0,-1,0.302,1,99,0
1785735668.992,0.228,-2.000,5.376,0.9994,0,-0.284,-0.000,-0.424,0.2703,9.802,0.072,-3.831,1.000,0.424,0.512,-0.1775,-1.3284,-0.179,-0.179,-1.353,0.414,1.200,-2.000,0.0061,-3.486,nan,0.00,1,1,1,0,1,0.0000,0.388,0,0.110,1,0.809,0,0,anduril,,anduril,0,0,-1,0.257,1,0,0
1785735669.055,0.260,-2.000,5.438,0.9994,0,-0.232,0.000,-0.424,0.2703,9.802,0.072,-3.831,1.000,0.424,0.492,-0.1761,-1.3304,-0.178,-0.178,-1.355,0.433,1.200,-2.000,0.0061,-3.486,nan,0.00,1,1,1,0,1,0.0000,0.388,0,0.110,1,0.809,0,0,anduril,,anduril,0,0,-1,0.257,1,0,0
1785735669.118,0.275,-2.001,5.462,0.9994,0,-0.204,0.001,-0.424,0.2703,9.802,0.072,-3.831,1.000,0.424,0.479,-0.1751,-1.3314,-0.177,-0.177,-1.356,0.442,1.200,-2.000,0.0061,-3.486,nan,0.00,1,1,1,0,1,0.0000,0.388,0,0.110,1,0.809,0,0,anduril,,anduril,0,0,-1,0.257,1,0,0
1785735669.191,0.304,-2.001,5.520,0.9994,0,-0.145,0.001,-0.424,0.2703,9.802,0.072,-3.831,1.000,0.424,0.448,-0.1729,-1.3335,-0.174,-0.174,-1.358,0.461,1.200,-2.000,0.0061,-3.486,nan,0.00,1,1,1,0,1,0.0000,0.388,0,0.110,1,0.809,0,0,anduril,,anduril,0,0,-1,0.257,1,0,0
1785735669.305,0.362,-2.002,5.669,0.9994,0,0.015,-0.498,-0.424,0.2701,9.802,0.072,-3.831,1.000,0.424,0.348,-0.1656,-1.3386,-0.167,-0.167,-1.363,0.511,1.200,-2.500,0.0061,-3.486,nan,0.00,1,1,1,0,1,0.0000,0.388,0,0.110,1,0.809,0,0,anduril,,anduril,0,0,-1,0.257,1,0,0
1785735669.367,0.358,-2.085,5.734,0.9993,0,0.066,-0.415,-0.424,0.2700,9.802,0.072,-3.831,1.000,0.424,0.292,-0.1616,-1.3403,-0.163,-0.163,-1.365,0.531,1.200,-2.500,0.0061,-3.471,nan,0.00,1,1,1,0,1,0.0000,0.388,0,0.110,1,0.809,0,0,anduril,,anduril,0,0,-1,0.257,1,0,0
1785735669.453,0.346,-2.153,5.798,0.9993,0,0.109,-0.347,-0.424,0.2700,9.802,0.072,-3.831,1.000,0.424,0.237,-0.1576,-1.3412,-0.159,-0.159,-1.366,0.552,1.200,-2.500,0.0061,-3.460,nan,0.00,1,1,1,0,1,0.0000,0.388,0,0.110,1,0.809,0,0,anduril,,anduril,0,0,-1,0.257,1,0,0
1785735669.521,0.336,-2.182,5.829,0.9993,0,0.126,-0.318,-0.424,0.2700,9.802,0.072,-3.831,1.000,0.424,0.210,-0.1556,-1.3413,-0.157,-0.157,-1.366,0.563,1.200,-2.500,0.0061,-3.455,nan,0.00,1,1,1,0,1,0.0000,0.388,0,0.110,1,0.809,0,0,anduril,,anduril,0,0,-1,0.257,1,0,0
1785735669.574,0.303,-2.264,5.924,0.9992,0,0.169,-0.236,-0.424,0.2700,9.802,0.072,-3.831,1.000,0.424,0.135,-0.1501,-1.3419,-0.152,-0.152,-1.366,0.596,1.200,-2.500,0.0061,-3.440,nan,0.00,1,1,1,0,1,0.0000,0.388,0,0.110,1,0.809,0,0,anduril,,anduril,0,0,-1,0.257,1,0,0
1785735669.735,0.273,-2.305,5.989,0.9992,0,0.186,-0.195,-0.424,0.2699,9.802,0.072,-3.831,1.000,0.424,0.087,-0.1467,-1.3423,-0.148,-0.148,-1.367,0.620,1.200,-2.500,0.0061,-3.433,nan,0.00,1,1,1,0,1,0.0000,0.388,0,0.110,1,0.809,0,0,anduril,,anduril,0,0,-1,0.257,1,0,0
1785735669.774,0.226,-2.362,6.084,0.9991,0,0.199,-0.022,-0.424,0.2699,9.802,0.072,-3.831,1.000,0.424,0.027,-0.1423,-1.3430,-0.144,-0.144,-1.368,0.655,1.200,-2.384,0.0061,-3.423,nan,0.00,1,1,1,0,1,0.0000,0.388,0,0.110,1,0.809,0,0,anduril,,anduril,0,0,-1,0.257,1,0,0
1785735669.877,0.192,-2.382,6.147,0.9991,0,0.198,0.023,-0.424,0.2699,9.802,0.072,-3.831,1.000,0.424,-0.006,-0.1399,-1.3434,-0.141,-0.141,-1.368,0.679,1.200,-2.359,0.0061,-3.420,nan,0.00,1,1,1,0,1,0.0000,0.388,0,0.110,1,0.809,0,0,anduril,,anduril,0,0,-1,0.257,1,0,0
1785735669.933,0.137,-2.386,6.245,0.9991,0,0.183,0.245,-0.424,0.2699,9.802,0.072,-3.831,1.000,0.424,-0.046,-0.1370,-1.3439,-0.138,-0.138,-1.368,0.717,1.200,-2.140,0.0061,-3.420,nan,0.00,1,1,1,0,1,0.0000,0.388,0,0.110,1,0.809,0,0,anduril,,anduril,0,0,-1,0.257,1,0,0
1785735669.999,0.120,-2.366,6.278,0.9991,0,0.176,0.077,-0.424,0.2699,9.802,0.072,-3.831,1.000,0.424,-0.056,-0.1363,-1.3440,-0.138,-0.138,-1.368,0.730,1.200,-2.289,0.0061,-3.423,nan,0.00,1,1,1,0,1,0.0000,0.388,0,0.110,1,0.809,0,0,anduril,,anduril,0,0,-1,0.257,1,0,0
1785735670.103,0.088,-2.340,6.340,0.9992,0,0.158,0.098,-0.424,0.2699,9.802,0.072,-3.831,1.000,0.424,-0.070,-0.1353,-1.3441,-0.137,-0.137,-1.369,0.753,1.200,-2.242,0.0061,-3.427,nan,0.00,1,1,1,0,1,0.0000,0.388,0,0.110,1,0.809,0,0,anduril,,anduril,0,0,-1,0.257,1,0,0
1785735670.153,0.042,-2.322,6.434,0.9992,0,0.123,0.277,-0.424,0.2699,9.802,0.072,-3.831,1.000,0.424,-0.081,-0.1345,-1.3443,-0.136,-0.136,-1.369,0.788,1.200,-2.045,0.0061,-3.431,nan,0.00,1,1,1,0,1,0.0000,0.388,0,0.110,1,0.809,0,0,anduril,,anduril,0,0,-1,0.257,1,0,0
1785735670.197,0.015,-2.292,6.496,0.9992,0,0.096,0.258,-0.424,0.2698,9.802,0.072,-3.831,1.000,0.424,-0.081,-0.1345,-1.3444,-0.136,-0.136,-1.369,0.811,1.200,-2.035,0.0061,-3.436,nan,0.00,1,1,1,0,1,0.0000,0.388,0,0.110,1,0.809,0,0,anduril,,anduril,0,0,-1,0.257,1,0,0
1785735670.273,-0.004,-2.250,6.559,0.9992,0,0.071,0.237,-0.424,0.2698,9.802,0.072,-3.831,1.000,0.424,-0.074,-0.1349,-1.3445,-0.136,-0.136,-1.369,0.833,1.200,-2.014,0.0061,-3.443,nan,0.00,1,1,1,0,1,0.0000,0.388,0,0.110,1,0.809,0,0,anduril,,anduril,0,0,-1,0.257,1,0,0
1785735670.335,-0.019,-2.211,6.624,0.9993,0,0.045,0.223,-0.424,0.2698,9.802,0.072,-3.831,1.000,0.424,-0.064,-0.1357,-1.3445,-0.137,-0.137,-1.369,0.856,1.200,-1.988,0.0061,-3.450,nan,0.00,1,1,1,0,1,0.0000,0.388,0,0.110,1,0.809,0,0,anduril,,anduril,0,0,-1,0.257,1,0,0
1785735670.435,-0.024,-2.192,6.656,0.9993,0,0.033,0.089,-0.424,0.2698,9.802,0.072,-3.831,1.000,0.424,-0.057,-0.1362,-1.3445,-0.138,-0.138,-1.369,0.867,1.200,-2.103,0.0061,-3.453,nan,0.00,1,1,1,0,1,0.0000,0.388,0,0.110,1,0.809,0,0,anduril,,anduril,0,0,-1,0.257,1,0,0
1785735670.502,-0.041,-2.151,6.772,0.9993,0,-0.013,0.334,-0.424,0.2698,9.802,0.072,-3.831,1.000,0.424,-0.028,-0.1383,-1.3446,-0.140,-0.140,-1.369,0.905,1.200,-1.817,0.0061,-3.460,nan,0.00,1,1,1,0,1,0.0000,0.388,0,0.110,1,0.809,0,0,anduril,,anduril,0,0,-1,0.257,1,0,0
1785735670.600,-0.042,-2.128,6.801,0.9993,0,-0.023,0.160,-0.424,0.2698,9.802,0.072,-3.831,1.000,0.424,-0.019,-0.1390,-1.3446,-0.140,-0.140,-1.369,0.914,1.200,-1.968,0.0061,-3.464,nan,0.00,1,1,1,0,1,0.0000,0.388,0,0.110,1,0.809,0,0,anduril,,anduril,0,0,-1,0.257,1,0,0
1785735670.670,-0.043,-2.038,6.920,0.9994,0,-0.061,0.337,-0.424,0.2698,9.802,0.072,-3.831,1.000,0.424,0.019,-0.1417,-1.3448,-0.143,-0.143,-1.369,0.951,1.200,-1.701,0.0061,-3.480,nan,0.00,1,1,1,0,1,0.0000,0.388,0,0.110,1,0.809,0,0,anduril,,anduril,0,0,-1,0.257,1,0,0
1785735670.715,-0.039,-2.013,6.951,0.9994,0,-0.069,0.159,-0.424,0.2698,9.802,0.072,-3.831,1.000,0.424,0.029,-0.1425,-1.3448,-0.144,-0.144,-1.369,0.960,1.200,-1.854,0.0061,-3.484,nan,0.00,1,1,1,0,1,0.0000,0.388,0,0.110,1,0.809,0,0,anduril,,anduril,0,0,-1,0.257,1,0,0
1785735670.759,-0.031,-1.969,7.014,0.9994,0,-0.082,0.133,-0.424,0.2698,9.802,0.072,-3.831,1.000,0.424,0.051,-0.1441,-1.3449,-0.146,-0.146,-1.369,0.979,1.200,-1.837,0.0061,-3.492,nan,0.00,1,1,1,0,1,0.0000,0.388,0,0.110,1,0.809,0,0,anduril,,anduril,0,0,-1,0.257,1,0,0
1785735670.850,-0.026,-1.959,7.046,0.9994,0,-0.088,0.023,-0.424,0.2698,9.802,0.072,-3.831,1.000,0.424,0.062,-0.1448,-1.3449,-0.146,-0.146,-1.369,0.987,1.200,-1.936,0.0061,-3.494,nan,0.00,1,1,1,0,1,0.0000,0.388,0,0.110,1,0.809,0,0,anduril,,anduril,0,0,-1,0.257,1,0,0
1785735670.931,-0.003,-1.941,7.164,0.9994,0,-0.102,0.244,-0.424,0.2698,9.802,0.072,-3.831,1.000,0.424,0.098,-0.1475,-1.3449,-0.149,-0.149,-1.369,1.019,1.200,-1.698,0.0061,-3.497,nan,0.00,1,1,1,0,1,0.0000,0.388,0,0.110,1,0.809,0,0,anduril,,anduril,0,0,-1,0.257,1,0,0
1785735671.009,0.009,-1.906,7.220,0.9994,0,-0.105,0.180,-0.424,0.2698,9.802,0.072,-3.831,1.000,0.424,0.114,-0.1486,-1.3449,-0.150,-0.150,-1.369,1.033,1.200,-1.726,0.0061,-3.503,nan,0.00,1,1,1,0,1,0.0000,0.388,0,0.110,1,0.809,0,0,anduril,,anduril,0,0,-1,0.257,1,0,0
1785735671.104,0.027,-1.867,7.296,0.9995,0,-0.105,0.191,-0.424,0.2697,9.802,0.072,-3.831,1.000,0.424,0.132,-0.1499,-1.3450,-0.151,-0.151,-1.369,1.053,1.200,-1.676,0.0061,-3.510,nan,0.00,1,1,1,0,1,0.0000,0.388,0,0.110,1,0.809,0,0,anduril,,anduril,0,0,-1,0.257,1,0,0
1785735671.174,0.041,-1.838,7.355,0.9995,0,-0.103,0.147,-0.424,0.2697,9.802,0.072,-3.831,1.000,0.424,0.144,-0.1508,-1.3451,-0.152,-0.152,-1.370,1.067,1.200,-1.691,0.0061,-3.515,nan,0.00,1,1,1,0,1,0.0000,0.388,0,0.110,1,0.809,0,0,anduril,,anduril,0,0,-1,0.257,1,0,0
1785735671.249,0.055,-1.812,7.412,0.9995,0,-0.550,0.108,-0.424,0.2697,9.802,0.072,-3.831,1.000,0.424,0.605,-0.1516,-1.3451,-0.153,-0.153,-1.370,1.081,1.200,-1.703,0.0061,-3.519,nan,0.00,1,1,1,0,0,0.0000,0.000,0,0.000,0,0.000,0,0,anduril,,anduril,0,0,-1,0.218,1,0,0
1785735671.304,0.109,-1.780,7.502,0.9995,0,-0.516,0.167,-0.424,0.2697,9.802,0.072,-3.831,1.000,0.424,0.625,-0.1531,-1.3452,-0.155,-0.155,-1.370,1.101,1.200,-1.613,0.0061,-3.525,nan,0.00,1,1,1,0,0,0.0000,0.000,0,0.000,0,0.000,0,0,anduril,,anduril,0,0,-1,0.218,1,0,0
1785735671.335,0.156,-1.765,7.536,0.9995,0,-0.479,0.062,-0.424,0.2697,9.802,0.072,-3.831,1.000,0.424,0.635,-0.1537,-1.3452,-0.155,-0.155,-1.370,1.109,1.200,-1.703,0.0061,-3.527,nan,0.00,1,1,1,0,0,0.0000,0.000,0,0.000,0,0.000,0,0,anduril,,anduril,0,0,-1,0.218,1,0,0
1785735671.366,0.194,-1.759,7.569,0.9995,0,-0.444,-0.008,-0.424,0.2697,9.802,0.072,-3.831,1.000,0.424,0.638,-0.1540,-1.3452,-0.155,-0.155,-1.370,1.116,1.200,-1.767,0.0061,-3.528,nan,0.00,1,1,1,0,0,0.0000,0.000,0,0.000,0,0.000,0,0,anduril,,anduril,0,0,-1,0.218,1,0,0
1785735671.415,0.232,-1.760,7.602,0.9995,0,-0.406,-0.047,-0.424,0.2697,9.802,0.072,-3.831,1.000,0.424,0.638,-0.1540,-1.3452,-0.155,-0.155,-1.370,1.123,1.200,-1.807,0.0061,-3.528,nan,0.00,1,1,1,0,0,0.0000,0.000,0,0.000,0,0.000,0,0,anduril,,anduril,0,0,-1,0.218,1,0,0
1785735671.484,0.263,-1.763,7.633,0.9995,0,-0.371,-0.077,-0.424,0.2697,9.802,0.072,-3.831,1.000,0.424,0.634,-0.1537,-1.3452,-0.155,-0.155,-1.370,1.129,1.200,-1.840,0.0061,-3.527,nan,0.00,1,1,1,0,0,0.0000,0.000,0,0.000,0,0.000,0,0,anduril,,anduril,0,0,-1,0.218,1,0,0
1785735671.600,0.406,-1.789,7.781,0.9995,0,-0.174,0.251,-0.424,0.2697,9.802,0.072,-3.831,1.000,0.424,0.580,-0.1497,-1.3453,-0.151,-0.151,-1.370,1.159,1.200,-1.538,0.0061,-3.523,nan,0.00,1,1,1,0,0,0.0000,0.000,0,0.000,0,0.000,0,0,anduril,,anduril,0,0,-1,0.218,1,0,0
1785735671.632,0.420,-1.769,7.813,0.9995,0,-0.137,0.156,-0.424,0.2697,9.802,0.072,-3.831,1.000,0.424,0.557,-0.1481,-1.3453,-0.150,-0.150,-1.370,1.166,1.200,-1.612,0.0061,-3.526,nan,0.00,1,1,1,0,0,0.0000,0.000,0,0.000,0,0.000,0,0,anduril,,anduril,0,0,-1,0.218,1,0,0
1785735671.710,0.444,-1.739,7.880,0.9995,0,-0.061,0.170,-0.424,0.2697,9.802,0.072,-3.831,1.000,0.424,0.506,-0.1443,-1.3454,-0.146,-0.146,-1.370,1.180,1.200,-1.569,0.0061,-3.531,nan,0.00,1,1,1,0,0,0.0000,0.000,0,0.000,0,0.000,0,0,anduril,,anduril,0,0,-1,0.218,1,0,0
1785735671.782,0.450,-1.724,7.913,0.9995,0,-0.027,0.100,-0.424,0.2697,9.802,0.072,-3.831,1.000,0.424,0.477,-0.1423,-1.3454,-0.144,-0.144,-1.370,1.187,1.200,-1.624,0.0061,-3.534,nan,0.00,1,1,1,0,0,0.0000,0.000,0,0.000,0,0.000,0,0,anduril,,anduril,0,0,-1,0.218,1,0,0
1785735671.817,0.456,-1.705,7.966,0.9995,0,0.026,0.098,-0.424,0.2697,9.802,0.072,-3.831,1.000,0.424,0.430,-0.1389,-1.3455,-0.140,-0.140,-1.370,1.197,1.200,-1.607,0.0061,-3.537,nan,0.00,1,1,1,0,0,0.0000,0.000,0,0.000,0,0.000,0,0,anduril,,anduril,0,0,-1,0.218,1,0,0
1785735671.872,0.455,-1.698,7.994,0.9995,0,0.050,0.042,-0.424,0.2697,9.802,0.072,-3.831,1.000,0.424,0.405,-0.1370,-1.3455,-0.138,-0.138,-1.370,1.203,1.200,-1.657,0.0061,-3.538,nan,0.00,1,1,1,0,0,0.0000,0.000,0,0.000,0,0.000,0,0,anduril,,anduril,0,0,-1,0.218,1,0,0
1785735671.970,0.444,-1.685,8.083,0.9995,0,0.121,0.144,-0.424,0.2697,9.802,0.072,-3.831,1.000,0.424,0.324,-0.1312,-1.3455,-0.133,-0.133,-1.370,1.219,1.200,-1.541,0.0061,-3.540,nan,0.00,1,1,1,0,0,0.0000,0.000,0,0.000,0,0.000,0,0,anduril,,anduril,0,0,-1,0.218,1,0,0
1785735672.049,0.422,-1.661,8.169,0.9996,0,0.176,0.204,-0.424,0.2697,9.802,0.072,-3.831,1.000,0.424,0.246,-0.1255,-1.3456,-0.127,-0.127,-1.370,1.235,1.200,-1.457,0.0061,-3.545,nan,0.00,1,1,1,0,0,0.0000,0.000,0,0.000,0,0.000,0,0,anduril,,anduril,0,0,-1,0.218,1,0,0
1785735672.096,0.411,-1.648,8.204,0.9996,0,0.196,0.138,-0.424,0.2697,9.802,0.072,-3.831,1.000,0.424,0.215,-0.1232,-1.3456,-0.125,-0.125,-1.370,1.241,1.200,-1.509,0.0061,-3.547,nan,0.00,1,1,1,0,0,0.0000,0.000,0,0.000,0,0.000,0,0,anduril,,anduril,0,0,-1,0.218,1,0,0
1785735672.232,0.388,-1.623,8.251,0.9996,0,0.823,0.108,-0.424,0.2697,9.802,0.072,-3.831,1.000,0.424,-0.435,-0.1202,-1.3456,-0.122,-0.122,-1.370,1.249,1.200,-1.515,0.0061,-3.551,nan,0.00,1,1,1,0,0,0.0000,0.000,0,0.000,0,0.000,4,0,anduril,,anduril,0,0,-1,0.270,1,4,0
1785735672.408,0.269,-1.573,8.395,0.9996,0,0.651,0.269,-0.424,0.2697,9.802,0.072,-3.831,1.000,0.424,-0.381,-0.1113,-1.3458,-0.113,-0.113,-1.370,1.273,1.200,-1.304,0.0061,-3.560,nan,0.00,1,1,1,0,0,0.0000,0.000,0,0.000,0,0.000,0,0,anduril,,anduril,0,0,-1,0.255,0,0,0
1785735672.490,-0.110,-1.503,8.578,0.9997,0,0.174,0.411,-0.424,0.2697,9.802,0.072,-3.831,1.000,0.424,-0.284,-0.1057,-1.3460,-0.107,-0.107,-1.370,1.301,1.200,-1.093,0.0061,-3.573,nan,0.00,1,1,1,0,0,0.0000,0.000,0,0.000,0,0.000,0,0,anduril,,anduril,0,0,-1,0.240,0,0,0
1785735672.538,-0.176,-1.462,8.628,0.9997,0,-0.084,0.270,-0.424,0.2696,9.802,0.072,-3.831,1.000,0.424,-0.092,-0.1068,-1.3460,-0.108,-0.108,-1.370,1.308,1.200,-1.192,0.0061,-3.580,nan,0.00,1,1,1,0,0,0.0000,0.000,0,0.000,0,0.000,0,0,anduril,,anduril,0,0,-1,0.225,0,0,0
1785735672.595,-0.185,-1.406,8.689,0.9997,0,-0.315,0.165,-0.424,0.2696,9.802,0.072,-3.831,1.000,0.424,0.130,-0.1102,-1.3459,-0.112,-0.112,-1.370,1.317,1.200,-1.241,0.0061,-3.590,nan,0.00,1,1,1,0,0,0.0000,0.000,0,0.000,0,0.000,0,0,anduril,,anduril,0,0,-1,0.210,0,0,0
1785735672.654,-0.162,-1.392,8.721,0.9997,0,-0.498,0.062,-0.424,0.2696,9.802,0.072,-3.831,1.000,0.424,0.337,-0.1125,-1.3459,-0.114,-0.114,-1.370,1.320,1.200,-1.330,0.0061,-3.592,nan,0.00,1,1,1,0,0,0.0000,0.000,0,0.000,0,0.000,0,0,anduril,,anduril,0,0,-1,0.195,0,0,0
1785735672.721,-0.068,-1.368,8.810,0.9997,0,-0.662,0.056,-0.424,0.2696,9.802,0.072,-3.831,1.000,0.424,0.595,-0.1184,-1.3458,-0.120,-0.120,-1.370,1.330,1.200,-1.312,0.0061,-3.596,nan,0.00,1,1,1,0,0,0.0000,0.000,0,0.000,0,0.000,0,0,anduril,,anduril,0,0,-1,0.180,0,0,0
1785735672.766,-0.060,-1.367,8.816,0.9997,0,-0.836,-0.045,-0.424,0.2696,9.802,0.072,-3.831,1.000,0.424,0.776,-0.1188,-1.3458,-0.120,-0.120,-1.370,1.331,1.200,-1.413,0.0061,-3.596,nan,0.00,1,1,1,0,0,0.0000,0.000,0,0.000,0,0.000,0,0,anduril,,anduril,0,0,-1,0.165,0,0,0
1785735672.840,0.123,-1.366,8.912,0.9997,0,-0.904,0.006,-0.424,0.2696,9.802,0.072,-3.831,1.000,0.424,1.027,-0.1243,-1.3459,-0.126,-0.126,-1.370,1.340,1.200,-1.361,0.0061,-3.596,nan,0.00,1,1,1,0,0,0.0000,0.000,0,0.000,0,0.000,0,0,anduril,,anduril,0,0,-1,0.150,0,0,0
1785735672.886,0.223,-1.365,8.956,0.9997,0,-1.002,-0.021,-0.424,0.2696,9.802,0.072,-3.831,1.000,0.424,1.225,-0.1260,-1.3459,-0.127,-0.127,-1.370,1.345,1.200,-1.386,0.0061,-3.596,nan,0.00,1,1,1,0,0,0.0000,0.000,0,0.000,0,0.000,0,0,anduril,,anduril,0,0,-1,0.135,0,0,0
1785735672.932,0.331,-1.366,9.000,0.9997,0,-1.083,-0.037,-0.424,0.2696,9.802,0.072,-3.831,1.000,0.424,1.414,-0.1269,-1.3459,-0.128,-0.128,-1.370,1.349,1.200,-1.403,0.0061,-3.596,nan,0.00,1,1,1,0,0,0.0000,0.000,0,0.000,0,0.000,0,0,anduril,,anduril,0,0,-1,0.120,0,0,0
1785735672.977,0.390,-1.367,9.023,0.9997,0,-1.203,-0.074,-0.424,0.2696,9.802,0.072,-3.831,1.000,0.424,1.593,-0.1272,-1.3459,-0.129,-0.129,-1.370,1.352,1.200,-1.441,0.0061,-3.596,nan,0.00,1,1,1,0,0,0.0000,0.000,0,0.000,0,0.000,0,0,anduril,,anduril,0,0,-1,0.105,0,0,0
1785735673.041,0.623,-1.379,9.102,0.9997,0,-1.138,-0.016,-0.424,0.2697,9.802,0.072,-3.831,1.000,0.424,1.761,-0.1266,-1.3459,-0.128,-0.128,-1.370,1.359,1.200,-1.395,0.0061,-3.593,nan,0.00,1,1,1,0,0,0.0000,0.000,0,0.000,0,0.000,0,0,anduril,,anduril,0,0,-1,0.090,0,0,0
1785735673.100,0.752,-1.381,9.146,0.9996,0,-1.159,-0.019,-0.424,0.2697,9.802,0.072,-3.831,1.000,0.424,1.911,-0.1248,-1.3459,-0.126,-0.126,-1.370,1.363,1.200,-1.400,0.0061,-3.592,nan,0.00,1,1,1,0,0,0.0000,0.000,0,0.000,0,0.000,0,0,anduril,,anduril,0,0,-1,0.075,0,0,0
1785735673.193,0.999,-1.386,9.228,0.9996,0,-1.001,0.036,-0.424,0.2697,9.802,0.072,-3.831,1.000,0.424,2.001,-0.1185,-1.3459,-0.120,-0.120,-1.370,1.371,1.200,-1.350,0.0061,-3.591,nan,0.00,1,1,1,0,0,0.0000,0.000,0,0.000,0,0.000,0,0,anduril,,anduril,0,0,-1,0.060,0,0,0
1785735673.266,1.151,-1.387,9.280,0.9995,0,0.241,0.539,0.000,0.2686,nan,nan,nan,0.000,0.000,0.910,0.0000,-1.3704,-0.114,-0.114,-1.370,1.377,1.000,-0.848,0.0061,-3.483,nan,0.00,0,0,0,0,0,0.0000,0.000,0,0.000,0,0.000,0,0,,,FLYING,0,0,-1,0.045,0,0,0
1785735673.303,1.210,-1.337,9.322,0.9995,0,0.402,0.523,0.000,0.2686,nan,nan,nan,0.000,0.000,0.808,0.0000,-1.3697,-0.101,-0.101,-1.370,1.384,1.000,-0.814,0.0061,-3.379,nan,0.00,0,0,0,0,0,0.0000,0.000,0,0.000,0,0.000,0,0,,,FLYING,0,0,-1,0.030,0,0,0
1785735673.335,1.175,-1.291,9.314,0.9995,0,0.434,0.459,0.000,0.2687,nan,nan,nan,0.000,0.000,0.741,0.0000,-1.3682,-0.093,-0.093,-1.368,1.388,1.000,-0.832,0.0061,-3.277,nan,0.00,0,0,0,0,0,0.0000,0.000,0,0.000,0,0.000,0,0,,,FLYING,0,0,-1,0.015,0,0,0
1785735673.371,1.175,-1.291,9.314,0.9995,0,0.434,0.399,0.000,0.2687,nan,nan,nan,0.000,0.000,0.741,0.0000,-1.3682,-0.093,-0.093,-1.368,1.388,1.000,-0.892,0.0061,-3.179,nan,0.00,0,0,0,0,0,0.0000,0.000,0,0.000,0,0.000,0,0,,,FLYING,0,0,0,0.000,0,0,0
1785735673.458,1.114,-1.223,9.314,0.9996,0,0.493,0.368,0.000,0.2689,nan,nan,nan,0.000,0.000,0.621,0.0000,-1.3638,-0.078,-0.078,-1.364,1.394,1.000,-0.855,0.0061,-3.084,nan,0.00,0,0,0,0,0,0.0000,0.000,0,0.000,0,0.000,0,0,,,FLYING,0,0,0,0.000,0,0,0
1785735673.522,1.013,-1.130,9.316,0.9996,0,0.554,0.319,0.000,0.2692,nan,nan,nan,0.000,0.000,0.459,0.0000,-1.3567,-0.057,-0.057,-1.357,1.401,1.000,-0.811,0.0061,-2.991,nan,0.00,0,0,0,0,0,0.0000,0.000,0,0.000,0,0.000,0,0,,,FLYING,0,0,0,0.000,0,0,0
1785735673.575,0.969,-1.103,9.317,0.9997,0,0.564,0.261,0.000,0.2692,nan,nan,nan,0.000,0.000,0.405,0.0000,-1.3550,-0.051,-0.051,-1.355,1.402,1.000,-0.842,0.0061,-2.901,nan,0.00,0,0,0,0,0,0.0000,0.000,0,0.000,0,0.000,0,0,,,FLYING,0,0,0,0.000,0,0,0
1785735673.670,0.835,-1.033,9.318,0.9997,0,0.577,0.206,0.000,0.2694,nan,nan,nan,0.000,0.000,0.259,0.0000,-1.3516,-0.032,-0.032,-1.352,1.407,1.000,-0.827,0.0061,-2.814,nan,0.00,0,0,0,0,0,0.0000,0.000,0,0.000,0,0.000,0,0,,,FLYING,0,0,0,0.000,0,0,0
1785735673.770,0.790,-1.011,9.318,0.9997,0,0.576,0.153,0.000,0.2694,nan,nan,nan,0.000,0.000,0.214,0.0000,-1.3509,-0.027,-0.027,-1.351,1.408,1.000,-0.858,0.0061,-2.730,nan,0.00,0,0,0,0,0,0.0000,0.000,0,0.000,0,0.000,0,0,,,FLYING,0,0,0,0.000,0,-1,0
1785735673.944,0.647,-0.958,9.319,0.9998,0,0.556,0.100,0.000,0.2695,nan,nan,nan,0.000,0.000,0.091,0.0000,-1.3494,-0.011,-0.011,-1.349,1.411,1.000,-0.858,0.0061,-2.648,nan,0.00,0,0,0,0,0,0.0000,0.000,0,0.000,0,0.000,0,0,,,FLYING,0,0,0,0.000,0,-1,0
1785735674.174,0.414,-0.893,9.319,0.9999,0,0.478,0.030,0.000,0.2695,nan,nan,nan,0.000,0.000,-0.064,0.0000,-1.3484,0.008,0.008,-1.348,1.413,1.000,-0.863,0.0061,-2.569,nan,0.00,0,0,0,0,0,0.0000,0.000,0,0.000,0,0.000,0,0,,,FLYING,0,0,0,0.000,0,-1,0
1785735674.246,0.051,-0.830,9.320,0.9999,0,0.255,-0.066,0.000,0.2695,nan,nan,nan,0.000,0.000,-0.205,0.0000,-1.3480,0.026,0.026,-1.348,1.413,1.000,-0.896,0.0061,-2.492,nan,0.00,0,0,0,0,0,0.0000,0.000,0,0.000,0,0.000,0,0,,,FLYING,0,0,0,0.000,0,-1,0
1785735674.277,-0.005,-0.827,9.320,0.9999,0,0.210,-0.097,0.000,0.2695,nan,nan,nan,0.000,0.000,-0.215,0.0000,-1.3480,0.027,0.027,-1.348,1.413,1.000,-0.924,0.0061,-2.417,nan,0.00,0,0,0,0,0,0.0000,0.000,0,0.000,0,0.000,0,0,,,FLYING,0,0,0,0.000,0,-1,0
1785735674.308,-0.020,-0.830,9.320,0.9999,0,0.197,-0.111,0.000,0.2695,nan,nan,nan,0.000,0.000,-0.217,0.0000,-1.3480,0.027,0.027,-1.348,1.412,1.000,-0.941,0.0061,-2.344,nan,0.00,0,0,0,0,0,0.0000,0.000,0,0.000,0,0.000,0,0,,,FLYING,0,0,0,0.000,0,-1,0
1785735674.339,-0.034,-0.839,9.320,0.9999,0,0.184,-0.117,0.000,0.2695,nan,nan,nan,0.000,0.000,-0.218,0.0000,-1.3481,0.027,0.027,-1.348,1.412,1.000,-0.955,0.0061,-2.274,nan,0.00,0,0,0,0,0,0.0000,0.000,0,0.000,0,0.000,0,0,,,FLYING,0,0,0,0.000,0,-1,0
1785735674.372,-0.051,-0.847,9.320,0.9999,0,0.168,-0.118,0.000,0.2695,nan,nan,nan,0.000,0.000,-0.219,0.0000,-1.3481,0.027,0.027,-1.348,1.411,1.000,-0.965,0.0061,-2.206,nan,0.00,0,0,0,0,0,0.0000,0.000,0,0.000,0,0.000,0,0,,,FLYING,0,0,0,0.000,0,-1,0
1785735674.400,-0.051,-0.847,9.320,0.9999,0,0.168,-0.120,0.000,0.2695,nan,nan,nan,0.000,0.000,-0.219,0.0000,-1.3481,0.027,0.027,-1.348,1.411,1.000,-0.967,0.0061,-2.140,nan,0.00,0,0,0,0,0,0.0000,0.000,0,0.000,0,0.000,0,0,,,FLYING,0,0,0,0.000,0,-1,0
1785735674.447,-0.081,-0.865,9.320,0.9999,0,0.136,-0.111,0.000,0.2695,nan,nan,nan,0.000,0.000,-0.217,0.0000,-1.3482,0.027,0.027,-1.348,1.411,1.000,-0.976,0.0061,-2.075,nan,0.00,0,0,0,0,0,0.0000,0.000,0,0.000,0,0.000,0,0,,,FLYING,0,0,0,0.000,0,-1,0
1785735674.503,-0.108,-0.883,9.320,0.9999,0,0.105,-0.097,0.000,0.2695,nan,nan,nan,0.000,0.000,-0.213,0.0000,-1.3482,0.027,0.027,-1.348,1.410,1.000,-0.981,0.0061,-2.013,nan,0.00,0,0,0,0,0,0.0000,0.000,0,0.000,0,0.000,17,0,,,FLYING,0,0,0,0.000,0,-1,0
1785735674.586,-0.128,-0.900,9.320,0.9999,0,0.076,-0.081,0.000,0.2681,nan,nan,nan,0.000,0.000,-0.204,0.0000,-1.3483,0.025,0.025,-1.348,1.410,1.000,-0.981,0.0061,-1.953,nan,0.00,0,0,0,0,0,0.0000,0.000,0,0.000,0,0.000,0,0,,,FLYING,0,0,0,0.000,0,-1,0
1785735674.621,-0.136,-0.906,9.320,0.9999,0,0.064,-0.073,0.000,0.2663,nan,nan,nan,0.000,0.000,-0.200,0.0000,-1.3483,0.025,0.025,-1.348,1.410,1.000,-0.979,0.0061,-1.894,nan,0.00,0,0,0,0,0,0.0000,0.000,0,0.000,0,0.000,0,0,,,FLYING,0,0,0,0.000,0,-1,0
1785735674.651,-0.142,-0.912,9.320,0.9999,0,0.053,-0.065,0.000,0.2646,nan,nan,nan,0.000,0.000,-0.195,0.0000,-1.3475,0.024,0.024,-1.348,1.410,1.000,-0.977,0.0061,-1.837,nan,0.00,0,0,0,0,0,0.0000,0.000,0,0.000,0,0.000,0,0,,,FLYING,0,0,0,0.000,0,-1,0
1785735674.714,-0.152,-0.922,9.320,0.9999,0,0.033,-0.051,0.000,0.2633,nan,nan,nan,0.000,0.000,-0.184,0.0000,-1.3397,0.023,0.023,-1.340,1.411,1.000,-0.973,0.0061,-1.782,nan,0.00,0,0,0,0,0,0.0000,0.000,0,0.000,0,0.000,0,0,,,FLYING,0,0,0,0.000,0,-1,0
1785735674.786,-0.160,-0.933,9.320,0.9999,0,0.007,-0.033,0.000,0.2633,nan,nan,nan,0.000,0.000,-0.167,0.0000,-1.3052,0.021,0.021,-1.305,1.411,1.000,-0.966,0.0061,-1.729,nan,0.00,0,0,0,0,0,0.0000,0.000,0,0.000,0,0.000,0,0,,,FLYING,0,0,0,0.000,0,-1,0
1785735674.825,-0.161,-0.936,9.320,0.9999,0,-0.001,-0.029,0.000,0.2624,nan,nan,nan,0.000,0.000,-0.160,0.0000,-1.2905,0.020,0.020,-1.291,1.411,1.000,-0.965,0.0061,-1.677,nan,0.00,0,0,0,0,0,0.0000,0.000,0,0.000,0,0.000,0,0,,,FLYING,0,0,0,0.000,0,-1,0
1785735674.860,-0.162,-0.938,9.320,0.9999,0,-0.009,-0.025,0.000,0.2615,nan,nan,nan,0.000,0.000,-0.153,0.0000,-1.2761,0.019,0.019,-1.276,1.412,1.000,-0.963,0.0061,-1.627,nan,0.00,0,0,0,0,0,0.0000,0.000,0,0.000,0,0.000,0,0,,,FLYING,0,0,0,0.000,0,-1,0
1785735674.905,-0.163,-0.942,9.320,0.9999,0,-0.022,-0.016,0.000,0.2612,nan,nan,nan,0.000,0.000,-0.140,0.0000,-1.2508,0.018,0.018,-1.251,1.412,1.000,-0.958,0.0061,-1.578,nan,0.00,0,0,0,0,0,0.0000,0.000,0,0.000,0,0.000,0,0,,,FLYING,0,0,0,0.000,0,-1,0
1785735674.952,-0.160,-0.945,9.320,0.9999,0,-0.034,-0.007,0.000,0.2611,nan,nan,nan,0.000,0.000,-0.126,0.0000,-1.2212,0.016,0.016,-1.221,1.413,1.000,-0.952,0.0061,-1.530,nan,0.00,0,0,0,0,0,0.0000,0.000,0,0.000,0,0.000,0,0,,,FLYING,0,0,0,0.000,0,-1,0
1785735674.997,-0.156,-0.946,9.320,0.9999,0,-0.041,-0.004,0.000,0.2608,nan,nan,nan,0.000,0.000,-0.115,0.0000,-1.1982,0.014,0.014,-1.198,1.413,1.000,-0.950,0.0061,-1.485,nan,0.00,0,0,0,0,0,0.0000,0.000,0,0.000,0,0.000,0,0,,,FLYING,0,0,0,0.000,0,-1,0
1785735675.142,-0.156,-0.946,9.320,0.9999,0,-0.041,-0.009,0.000,0.2594,nan,nan,nan,0.000,0.000,-0.115,0.0000,-1.1982,0.014,0.014,-1.198,1.413,1.000,-0.955,0.0061,-1.440,nan,0.00,0,0,0,0,0,0.0000,0.000,0,0.000,0,0.000,0,0,,,FLYING,0,0,0,0.000,0,-1,0
1785735675.183,-0.143,-0.948,9.320,0.9999,0,-0.060,0.013,0.000,0.2614,nan,nan,nan,0.000,0.000,-0.082,0.0000,-1.1263,0.010,0.010,-1.126,1.415,1.000,-0.935,0.0061,-1.397,nan,0.00,0,0,0,0,0,0.0000,0.000,0,0.000,0,0.000,0,0,,,FLYING,0,0,0,0.000,0,-1,0
1785735675.230,-0.139,-0.949,9.320,0.9999,0,-0.065,0.012,0.000,0.2610,nan,nan,nan,0.000,0.000,-0.074,0.0000,-1.1073,0.009,0.009,-1.107,1.416,1.000,-0.937,0.0061,-1.355,nan,0.00,0,0,0,0,0,0.0000,0.000,0,0.000,0,0.000,0,0,,,FLYING,0,0,0,0.000,0,-1,0
1785735675.277,-0.128,-0.946,9.320,0.9999,0,-0.069,0.015,0.000,0.2614,nan,nan,nan,0.000,0.000,-0.059,0.0000,-1.0712,0.007,0.007,-1.071,1.417,1.000,-0.931,0.0061,-1.314,nan,0.00,0,0,0,0,0,0.0000,0.000,0,0.000,0,0.000,0,0,,,FLYING,0,0,0,0.000,0,-1,0
1785735675.323,-0.119,-0.944,9.320,0.9999,0,-0.071,0.014,0.000,0.2613,nan,nan,nan,0.000,0.000,-0.048,0.0000,-1.0465,0.006,0.006,-1.047,1.417,1.000,-0.930,0.0061,-1.275,nan,0.00,0,0,0,0,0,0.0000,0.000,0,0.000,0,0.000,0,0,,,FLYING,0,0,0,0.000,0,-1,0
1785735675.371,-0.114,-0.944,9.320,0.9999,0,-0.071,0.010,0.000,0.2607,nan,nan,nan,0.000,0.000,-0.043,0.0000,-1.0353,0.005,0.005,-1.035,1.418,1.000,-0.934,0.0061,-1.237,nan,0.00,0,0,0,0,0,0.0000,0.000,0,0.000,0,0.000,0,0,,,FLYING,0,0,0,0.000,0,-1,0
1785735675.463,-0.096,-0.941,9.320,0.9999,0,-0.070,0.016,0.000,0.2614,nan,nan,nan,0.000,0.000,-0.026,0.0000,-0.9947,0.003,0.003,-0.995,1.419,1.000,-0.925,0.0061,-1.199,nan,0.00,0,0,0,0,0,0.0000,0.000,0,0.000,0,0.000,0,0,,,FLYING,0,0,0,0.000,0,-1,0
1785735675.509,-0.091,-0.939,9.320,0.9999,0,-0.070,0.011,0.000,0.2608,nan,nan,nan,0.000,0.000,-0.021,0.0000,-0.9828,0.003,0.003,-0.983,1.419,1.000,-0.929,0.0061,-1.163,nan,0.00,0,0,0,0,0,0.0000,0.000,0,0.000,0,0.000,0,0,,,FLYING,0,0,0,0.000,0,-1,0
1785735675.555,-0.080,-0.937,9.320,0.9999,0,-0.067,0.011,0.000,0.2610,nan,nan,nan,0.000,0.000,-0.013,0.0000,-0.9571,0.002,0.002,-0.957,1.420,1.000,-0.926,0.0061,-1.129,nan,0.00,0,0,0,0,0,0.0000,0.000,0,0.000,0,0.000,0,0,,,FLYING,0,0,0,0.000,0,-1,0
1785735675.667,-0.074,-0.937,9.320,0.9999,0,-0.066,0.008,0.000,0.2605,nan,nan,nan,0.000,0.000,-0.009,0.0000,-0.9440,0.001,0.001,-0.944,1.420,1.000,-0.929,0.0061,-1.095,nan,0.00,0,0,0,0,0,0.0000,0.000,0,0.000,0,0.000,0,0,,,FLYING,0,0,0,0.000,0,-1,0
1785735675.752,-0.058,-0.934,9.320,0.9999,0,-0.060,0.012,0.000,0.2612,nan,nan,nan,0.000,0.000,0.002,0.0000,-0.9063,-0.000,-0.000,-0.906,1.421,1.000,-0.922,0.0061,-1.062,nan,0.00,0,0,0,0,0,0.0000,0.000,0,0.000,0,0.000,0,0,,,FLYING,0,0,0,0.000,0,-1,0
1785735675.873,-0.046,-0.932,9.320,0.9999,0,-0.055,0.013,0.000,0.2616,nan,nan,nan,0.000,0.000,0.008,0.0000,-0.8761,-0.001,-0.001,-0.876,1.422,1.000,-0.920,0.0061,-1.030,nan,0.00,0,0,0,0,0,0.0000,0.000,0,0.000,0,0.000,0,0,,,FLYING,0,0,0,0.000,0,-1,0
1785735675.981,-0.029,-0.929,9.320,0.9999,0,-0.045,0.016,0.000,0.2627,nan,nan,nan,0.000,0.000,0.016,0.0000,-0.8329,-0.002,-0.002,-0.833,1.423,1.000,-0.913,0.0061,-0.999,nan,0.00,0,0,0,0,0,0.0000,0.000,0,0.000,0,0.000,0,0,,,FLYING,0,0,0,0.000,0,-1,0
1785735676.062,-0.009,-0.923,9.320,0.9999,0,-0.030,0.019,0.000,0.2640,nan,nan,nan,0.000,0.000,0.021,0.0000,-0.7828,-0.003,-0.003,-0.783,1.424,1.000,-0.905,0.0061,-0.969,nan,0.00,0,0,0,0,0,0.0000,0.000,0,0.000,0,0.000,0,0,,,FLYING,0,0,0,0.000,0,-1,0
1785735676.109,-0.003,-0.921,9.320,0.9999,0,-0.025,0.012,0.000,0.2639,nan,nan,nan,0.000,0.000,0.022,0.0000,-0.7651,-0.003,-0.003,-0.765,1.425,1.000,-0.909,0.0061,-0.940,nan,0.00,0,0,0,0,0,0.0000,0.000,0,0.000,0,0.000,0,0,,,FLYING,0,0,0,0.000,0,-1,0
1785735676.184,0.001,-0.919,9.320,0.9999,0,-0.021,0.008,0.000,0.2638,nan,nan,nan,0.000,0.000,0.022,0.0000,-0.7500,-0.003,-0.003,-0.750,1.425,1.000,-0.911,0.0061,-0.912,nan,0.00,0,0,0,0,0,0.0000,0.000,0,0.000,0,0.000,0,0,,,FLYING,0,0,0,0.000,0,-1,0
1785735676.246,0.004,-0.918,9.320,0.9999,0,-0.018,0.005,0.000,0.2635,nan,nan,nan,0.000,0.000,0.022,0.0000,-0.7382,-0.003,-0.003,-0.738,1.426,1.000,-0.913,0.0061,-0.885,nan,0.00,0,0,0,0,0,0.0000,0.000,0,0.000,0,0.000,0,0,,,FLYING,0,0,0,0.000,0,-1,0
1785735676.323,0.006,-0.917,9.320,0.9999,0,-0.016,0.000,0.000,0.2629,nan,nan,nan,0.000,0.000,0.022,0.0000,-0.7325,-0.003,-0.003,-0.732,1.426,1.000,-0.917,0.0061,-0.858,nan,0.00,0,0,0,0,0,0.0000,0.000,0,0.000,0,0.000,0,0,,,FLYING,0,0,0,0.000,0,-1,0
1785735676.387,0.010,-0.916,9.320,0.9999,0,-0.011,0.002,0.000,0.2630,nan,nan,nan,0.000,0.000,0.021,0.0000,-0.7143,-0.003,-0.003,-0.714,1.427,1.000,-0.914,0.0061,-0.832,nan,0.00,0,0,0,0,0,0.0000,0.000,0,0.000,0,0.000,0,0,,,FLYING,0,0,0,0.000,0,-1,0
1785735676.415,0.012,-0.916,9.320,0.9999,0,-0.009,-0.001,0.000,0.2625,nan,nan,nan,0.000,0.000,0.021,0.0000,-0.7075,-0.003,-0.003,-0.707,1.427,1.000,-0.917,0.0061,-0.807,nan,0.00,0,0,0,0,0,0.0000,0.000,0,0.000,0,0.000,0,0,,,FLYING,0,0,0,0.000,0,-1,0
1785735676.462,0.013,-0.916,9.320,0.9999,0,-0.006,-0.000,0.000,0.2625,nan,nan,nan,0.000,0.000,0.020,0.0000,-0.6930,-0.002,-0.002,-0.693,1.427,1.000,-0.916,0.0061,-0.783,nan,0.00,0,0,0,0,0,0.0000,0.000,0,0.000,0,0.000,0,0,,,FLYING,0,0,0,0.000,0,-1,0
1785735676.587,0.013,-0.916,9.320,0.9999,0,-0.006,-0.005,0.000,0.2618,nan,nan,nan,0.000,0.000,0.020,0.0000,-0.6930,-0.002,-0.002,-0.693,1.427,1.000,-0.921,0.0061,-0.760,nan,0.00,0,0,0,0,0,0.0000,0.000,0,0.000,0,0.000,0,0,,,FLYING,0,0,0,0.000,0,-1,0
1785735676.666,0.017,-0.917,9.320,0.9999,0,0.001,0.010,0.000,0.2633,nan,nan,nan,0.000,0.000,0.016,0.0000,-0.6435,-0.002,-0.002,-0.643,1.428,1.000,-0.907,0.0061,-0.737,nan,0.00,0,0,0,0,0,0.0000,0.000,0,0.000,0,0.000,0,0,,,FLYING,0,0,0,0.000,0,-1,0
1785735676.707,0.017,-0.916,9.320,0.9999,0,0.002,0.005,0.000,0.2630,nan,nan,nan,0.000,0.000,0.015,0.0000,-0.6352,-0.002,-0.002,-0.635,1.429,1.000,-0.911,0.0061,-0.715,nan,0.00,0,0,0,0,0,0.0000,0.000,0,0.000,0,0.000,7,0,,,FLYING,0,0,0,0.000,0,-1,0
1785735676.807,0.016,-0.915,9.320,0.9999,0,0.003,0.005,0.000,0.2631,nan,nan,nan,0.000,0.000,0.013,0.0000,-0.6196,-0.002,-0.002,-0.620,1.429,1.000,-0.910,0.0061,-0.693,nan,0.00,0,0,0,0,0,0.0000,0.000,0,0.000,0,0.000,0,0,,,FLYING,0,0,0,0.000,0,-1,0
1785735676.883,0.016,-0.914,9.320,0.9999,0,0.005,0.007,0.000,0.2634,nan,nan,nan,0.000,0.000,0.011,0.0000,-0.5993,-0.001,-0.001,-0.599,1.430,1.000,-0.907,0.0061,-0.672,nan,0.00,0,0,0,0,0,0.0000,0.000,0,0.000,0,0.000,0,0,,,FLYING,0,0,0,0.000,0,-1,0
1785735677.007,0.016,-0.913,9.320,0.9999,0,0.006,0.004,0.000,0.2631,nan,nan,nan,0.000,0.000,0.010,0.0000,-0.5914,-0.001,-0.001,-0.591,1.430,1.000,-0.909,0.0061,-0.652,nan,0.00,0,0,0,0,0,0.0000,0.000,0,0.000,0,0.000,0,0,,,FLYING,0,0,0,0.000,0,-1,0
1785735677.073,0.014,-0.911,9.320,0.9999,0,0.007,0.009,0.000,0.2637,nan,nan,nan,0.000,0.000,0.006,0.0000,-0.5650,-0.001,-0.001,-0.565,1.431,1.000,-0.901,0.0061,-0.633,nan,0.00,0,0,0,0,0,0.0000,0.000,0,0.000,0,0.000,0,0,,,FLYING,0,0,0,0.000,0,-1,0
1785735677.199,0.013,-0.910,9.320,0.9999,0,0.007,0.006,0.000,0.2635,nan,nan,nan,0.000,0.000,0.005,0.0000,-0.5568,-0.001,-0.001,-0.557,1.431,1.000,-0.904,0.0061,-0.614,nan,0.00,0,0,0,0,0,0.0000,0.000,0,0.000,0,0.000,0,0,,,FLYING,0,0,0,0.000,0,-1,0
1785735677.261,0.011,-0.907,9.320,0.9999,0,0.008,0.005,0.000,0.2636,nan,nan,nan,0.000,0.000,0.004,0.0000,-0.5423,-0.000,-0.000,-0.542,1.432,1.000,-0.902,0.0061,-0.595,nan,0.00,0,0,0,0,0,0.0000,0.000,0,0.000,0,0.000,0,0,,,FLYING,0,0,0,0.000,0,-1,0
1785735677.329,0.010,-0.907,9.320,0.9999,0,0.007,0.003,0.000,0.2635,nan,nan,nan,0.000,0.000,0.003,0.0000,-0.5333,-0.000,-0.000,-0.533,1.432,1.000,-0.903,0.0061,-0.577,nan,0.00,0,0,0,0,0,0.0000,0.000,0,0.000,0,0.000,0,0,,,FLYING,0,0,0,0.000,0,-1,0
1785735677.403,0.008,-0.905,9.320,0.9999,0,0.007,0.004,0.000,0.2636,nan,nan,nan,0.000,0.000,0.001,0.0000,-0.5194,-0.000,-0.000,-0.519,1.433,1.000,-0.902,0.0061,-0.560,nan,0.00,0,0,0,0,0,0.0000,0.000,0,0.000,0,0.000,0,0,,,FLYING,0,0,0,0.000,0,-1,0
1785735677.451,0.008,-0.905,9.320,0.9999,0,0.007,0.001,0.000,0.2633,nan,nan,nan,0.000,0.000,0.001,0.0000,-0.5149,-0.000,-0.000,-0.515,1.433,1.000,-0.905,0.0061,-0.543,nan,0.00,0,0,0,0,0,0.0000,0.000,0,0.000,0,0.000,0,0,,,FLYING,0,0,0,0.000,0,-1,0
1785735677.513,0.006,-0.904,9.320,0.9999,0,0.006,0.002,0.000,0.2634,nan,nan,nan,0.000,0.000,-0.000,0.0000,-0.5019,0.000,0.000,-0.502,1.433,1.000,-0.902,0.0061,-0.527,nan,0.00,0,0,0,0,0,0.0000,0.000,0,0.000,0,0.000,0,0,,,FLYING,0,0,0,0.000,0,-1,0
1785735677.574,0.006,-0.904,9.320,0.9999,0,0.006,-0.000,0.000,0.2631,nan,nan,nan,0.000,0.000,-0.000,0.0000,-0.4974,0.000,0.000,-0.497,1.433,1.000,-0.905,0.0061,-0.511,nan,0.00,0,0,0,0,0,0.0000,0.000,0,0.000,0,0.000,0,0,,,FLYING,0,0,0,0.000,0,-1,0
1785735677.616,0.005,-0.904,9.320,0.9999,0,0.005,-0.000,0.000,0.2631,nan,nan,nan,0.000,0.000,-0.001,0.0000,-0.4886,0.000,0.000,-0.489,1.434,1.000,-0.904,0.0061,-0.496,nan,0.00,0,0,0,0,0,0.0000,0.000,0,0.000,0,0.000,0,0,,,FLYING,0,0,0,0.000,0,-1,0
1785735677.648,0.004,-0.904,9.320,0.9999,0,0.005,0.001,0.000,0.2631,nan,nan,nan,0.000,0.000,-0.001,0.0000,-0.4786,0.000,0.000,-0.479,1.434,1.000,-0.904,0.0061,-0.481,nan,0.00,0,0,0,0,0,0.0000,0.000,0,0.000,0,0.000,0,0,,,FLYING,0,0,0,0.000,0,-1,0
1785735677.679,0.004,-0.904,9.320,0.9999,0,0.005,-0.002,0.000,0.2627,nan,nan,nan,0.000,0.000,-0.001,0.0000,-0.4775,0.000,0.000,-0.477,1.434,1.000,-0.907,0.0061,-0.467,nan,0.00,0,0,0,0,0,0.0000,0.000,0,0.000,0,0.000,0,0,,,FLYING,0,0,0,0.000,0,-1,0
1785735677.782,0.003,-0.904,9.320,0.9999,0,0.005,-0.002,0.000,0.2626,nan,nan,nan,0.000,0.000,-0.001,0.0000,-0.4703,0.000,0.000,-0.470,1.434,1.000,-0.906,0.0061,-0.453,nan,0.00,0,0,0,0,0,0.0000,0.000,0,0.000,0,0.000,0,0,,,FLYING,0,0,0,0.000,0,-1,0
1785735677.855,0.001,-0.905,9.320,0.9999,0,0.003,0.007,0.000,0.2634,nan,nan,nan,0.000,0.000,-0.002,0.0000,-0.4422,0.000,0.000,-0.442,1.435,1.000,-0.899,0.0061,-0.439,nan,0.00,0,0,0,0,0,0.0000,0.000,0,0.000,0,0.000,0,0,,,FLYING,0,0,0,0.000,0,-1,0
1785735677.946,0.001,-0.905,9.320,0.9999,0,0.003,0.003,0.000,0.2631,nan,nan,nan,0.000,0.000,-0.002,0.0000,-0.4410,0.000,0.000,-0.441,1.435,1.000,-0.902,0.0061,-0.426,nan,0.00,0,0,0,0,0,0.0000,0.000,0,0.000,0,0.000,0,0,,,FLYING,0,0,0,0.000,0,-1,0
1785735678.020,-0.000,-0.903,9.320,0.9999,0,0.002,0.009,0.000,0.2639,nan,nan,nan,0.000,0.000,-0.002,0.0000,-0.4145,0.000,0.000,-0.415,1.436,1.000,-0.894,0.0061,-0.413,nan,0.00,0,0,0,0,0,0.0000,0.000,0,0.000,0,0.000,0,0,,,FLYING,0,0,0,0.000,0,-1,0
1785735678.137,-0.000,-0.903,9.320,0.9999,0,0.002,0.006,0.000,0.2637,nan,nan,nan,0.000,0.000,-0.002,0.0000,-0.4102,0.000,0.000,-0.410,1.436,1.000,-0.897,0.0061,-0.401,nan,0.00,0,0,0,0,0,0.0000,0.000,0,0.000,0,0.000,0,0,,,FLYING,0,0,0,0.000,0,-1,0
1785735678.316,-0.001,-0.901,9.320,0.9999,0,0.002,0.006,0.000,0.2639,nan,nan,nan,0.000,0.000,-0.002,0.0000,-0.3986,0.000,0.000,-0.399,1.436,1.000,-0.895,0.0061,-0.389,nan,0.00,0,0,0,0,0,0.0000,0.000,0,0.000,0,0.000,0,0,,,FLYING,0,0,0,0.000,0,-1,0
1785735678.380,-0.002,-0.898,9.320,0.9999,0,0.000,0.011,0.000,0.2644,nan,nan,nan,0.000,0.000,-0.002,0.0000,-0.3786,0.000,0.000,-0.379,1.437,1.000,-0.887,0.0061,-0.377,nan,0.00,0,0,0,0,0,0.0000,0.000,0,0.000,0,0.000,0,0,,,FLYING,0,0,0,0.000,0,-1,0
1785735678.522,-0.002,-0.897,9.320,0.9999,0,0.000,0.006,0.000,0.2643,nan,nan,nan,0.000,0.000,-0.002,0.0000,-0.3746,0.000,0.000,-0.375,1.438,1.000,-0.890,0.0061,-0.366,nan,0.00,0,0,0,0,0,0.0000,0.000,0,0.000,0,0.000,0,0,,,FLYING,0,0,0,0.000,0,-1,0
1785735678.553,-0.002,-0.893,9.320,0.9999,0,-0.000,0.005,0.000,0.2643,nan,nan,nan,0.000,0.000,-0.002,0.0000,-0.3656,0.000,0.000,-0.366,1.438,1.000,-0.889,0.0061,-0.355,nan,0.00,0,0,0,0,0,0.0000,0.000,0,0.000,0,0.000,0,0,,,FLYING,0,0,0,0.000,0,-1,0
1785735678.626,-0.002,-0.893,9.320,0.9999,0,-0.000,0.002,0.000,0.2642,nan,nan,nan,0.000,0.000,-0.002,0.0000,-0.3627,0.000,0.000,-0.363,1.438,1.000,-0.891,0.0061,-0.344,nan,0.00,0,0,0,0,0,0.0000,0.000,0,0.000,0,0.000,0,0,,,FLYING,0,0,0,0.000,0,-1,0
1785735678.803,-0.002,-0.892,9.320,0.9999,0,-0.000,0.001,0.000,0.2641,nan,nan,nan,0.000,0.000,-0.002,0.0000,-0.3574,0.000,0.000,-0.357,1.439,1.000,-0.891,0.0061,-0.334,nan,0.00,0,0,0,0,0,0.0000,0.000,0,0.000,0,0.000,0,0,,,FLYING,0,0,0,0.000,0,-1,0
1785735678.987,-0.002,-0.891,9.320,0.9999,0,-0.001,0.003,0.000,0.2643,nan,nan,nan,0.000,0.000,-0.001,0.0000,-0.3468,0.000,0.000,-0.347,1.439,1.000,-0.888,0.0061,-0.324,nan,0.00,0,0,0,0,0,0.0000,0.000,0,0.000,0,0.000,0,0,,,FLYING,0,0,0,0.000,0,-1,0
1785735679.112,-0.002,-0.891,9.320,0.9999,0,-0.001,0.007,0.000,0.2646,nan,nan,nan,0.000,0.000,-0.001,0.0000,-0.3336,0.000,0.000,-0.334,1.440,1.000,-0.884,0.0061,-0.314,nan,0.00,0,0,0,0,0,0.0000,0.000,0,0.000,0,0.000,0,0,,,FLYING,0,0,0,0.000,0,-1,0
1785735679.176,-0.001,-0.889,9.320,0.9999,0,-0.001,0.008,0.000,0.2648,nan,nan,nan,0.000,0.000,-0.001,0.0000,-0.3233,0.000,0.000,-0.323,1.440,1.000,-0.881,0.0061,-0.305,nan,0.00,0,0,0,0,0,0.0000,0.000,0,0.000,0,0.000,0,0,,,FLYING,0,0,0,0.000,0,-1,0
1785735679.261,-0.001,-0.888,9.320,0.9999,0,-0.001,0.004,0.000,0.2646,nan,nan,nan,0.000,0.000,-0.001,0.0000,-0.3209,0.000,0.000,-0.321,1.440,1.000,-0.885,0.0061,-0.295,nan,0.00,0,0,0,0,0,0.0000,0.000,0,0.000,0,0.000,0,0,,,FLYING,0,0,0,0.000,0,-1,0
1785735679.329,-0.001,-0.887,9.320,0.9999,0,-0.001,0.002,0.000,0.2645,nan,nan,nan,0.000,0.000,-0.000,0.0000,-0.3173,0.000,0.000,-0.317,1.441,1.000,-0.885,0.0061,-0.287,nan,0.00,0,0,0,0,0,0.0000,0.000,0,0.000,0,0.000,0,0,,,FLYING,0,0,0,0.000,0,-1,0
1785735679.429,-0.001,-0.887,9.320,0.9999,0,-0.001,0.000,0.000,0.2643,nan,nan,nan,0.000,0.000,-0.000,0.0000,-0.3151,0.000,0.000,-0.315,1.441,1.000,-0.886,0.0061,-0.278,nan,0.00,0,0,0,0,0,0.0000,0.000,0,0.000,0,0.000,0,0,,,FLYING,0,0,0,0.000,0,-1,0
1785735679.493,-0.001,-0.886,9.320,0.9999,0,-0.001,0.001,0.000,0.2643,nan,nan,nan,0.000,0.000,-0.000,0.0000,-0.3100,0.000,0.000,-0.310,1.441,1.000,-0.885,0.0061,-0.270,nan,0.00,0,0,0,0,0,0.0000,0.000,0,0.000,0,0.000,0,0,,,FLYING,0,0,0,0.000,0,-1,0
1785735679.610,-0.001,-0.886,9.320,0.9999,0,-0.001,-0.000,0.000,0.2642,nan,nan,nan,0.000,0.000,-0.000,0.0000,-0.3067,0.000,0.000,-0.307,1.441,1.000,-0.886,0.0061,-0.262,nan,0.00,0,0,0,0,0,0.0000,0.000,0,0.000,0,0.000,0,0,,,FLYING,0,0,0,0.000,0,-1,0
1785735679.790,-0.001,-0.886,9.320,0.9999,0,-0.000,0.001,0.000,0.2642,nan,nan,nan,0.000,0.000,-0.000,0.0000,-0.3013,0.000,0.000,-0.301,1.442,1.000,-0.885,0.0061,-0.254,nan,0.00,0,0,0,0,0,0.0000,0.000,0,0.000,0,0.000,5,0,,,FLYING,0,0,0,0.000,0,-1,0
1785735679.888,-0.000,-0.886,9.320,0.9999,0,-0.000,0.006,0.000,0.2645,nan,nan,nan,0.000,0.000,-0.000,0.0000,-0.2899,0.000,0.000,-0.290,1.442,1.000,-0.879,0.0061,-0.246,nan,0.00,0,0,0,0,0,0.0000,0.000,0,0.000,0,0.000,3,0,,,FLYING,0,0,0,0.000,0,-1,0
1785735680.071,-0.000,-0.886,9.320,0.9999,0,-0.000,0.005,0.000,0.2644,nan,nan,nan,0.000,0.000,-0.000,0.0000,-0.2864,0.000,0.000,-0.286,1.443,1.000,-0.881,0.0061,-0.239,nan,0.00,0,0,0,0,0,0.0000,0.000,0,0.000,0,0.000,0,0,,,FLYING,0,0,0,0.000,0,-1,0
1785735680.207,-0.000,-0.883,9.320,0.9999,0,-0.000,0.007,0.000,0.2646,nan,nan,nan,0.000,0.000,-0.000,0.0000,-0.2780,0.000,0.000,-0.278,1.443,1.000,-0.876,0.0061,-0.232,nan,0.00,0,0,0,0,0,0.0000,0.000,0,0.000,0,0.000,0,0,,,FLYING,0,0,0,0.000,0,-1,0
1785735680.414,-0.000,-0.881,9.320,0.9999,0,0.000,0.006,0.000,0.2646,nan,nan,nan,0.000,0.000,-0.000,0.0000,-0.2722,0.000,0.000,-0.272,1.444,1.000,-0.875,0.0061,-0.225,nan,0.00,0,0,0,0,0,0.0000,0.000,0,0.000,0,0.000,0,0,,,FLYING,0,0,0,0.000,0,-1,0
1785735680.481,-0.000,-0.877,9.320,0.9999,0,0.000,0.005,0.000,0.2647,nan,nan,nan,0.000,0.000,-0.000,0.0000,-0.2659,0.000,0.000,-0.266,1.444,1.000,-0.872,0.0061,-0.218,nan,0.00,0,0,0,0,0,0.0000,0.000,0,0.000,0,0.000,0,0,,,FLYING,0,0,0,0.000,0,-1,0
1785735680.606,-0.000,-0.877,9.320,0.9999,0,0.000,0.001,0.000,0.2646,nan,nan,nan,0.000,0.000,-0.000,0.0000,-0.2644,0.000,0.000,-0.264,1.444,1.000,-0.875,0.0061,-0.211,nan,0.00,0,0,0,0,0,0.0000,0.000,0,0.000,0,0.000,0,0,,,FLYING,0,0,0,0.000,0,-1,0
1785735680.664,-0.000,-0.875,9.320,0.9999,0,0.000,-0.000,0.000,0.2645,nan,nan,nan,0.000,0.000,-0.000,0.0000,-0.2618,0.000,0.000,-0.262,1.445,1.000,-0.876,0.0061,-0.205,nan,0.00,0,0,0,0,0,0.0000,0.000,0,0.000,0,0.000,0,0,,,FLYING,0,0,0,0.000,0,-1,0
1785735680.695,-0.000,-0.875,9.320,0.9999,0,0.000,-0.002,0.000,0.2644,nan,nan,nan,0.000,0.000,-0.000,0.0000,-0.2602,0.000,0.000,-0.260,1.445,1.000,-0.877,0.0061,-0.199,nan,0.00,0,0,0,0,0,0.0000,0.000,0,0.000,0,0.000,0,0,,,FLYING,0,0,0,0.000,0,-1,0
1785735680.766,-0.000,-0.875,9.320,0.9999,0,0.000,-0.003,0.000,0.2643,nan,nan,nan,0.000,0.000,-0.000,0.0000,-0.2579,0.000,0.000,-0.258,1.445,1.000,-0.879,0.0061,-0.193,nan,0.00,0,0,0,0,0,0.0000,0.000,0,0.000,0,0.000,8,0,,,FLYING,0,0,0,0.000,0,-1,0
1785735680.823,-0.000,-0.876,9.320,0.9999,0,0.000,-0.005,0.000,0.2642,nan,nan,nan,0.000,0.000,-0.000,0.0000,-0.2566,0.000,0.000,-0.257,1.445,1.000,-0.880,0.0061,-0.187,nan,0.00,0,0,0,0,0,0.0000,0.000,0,0.000,0,0.000,0,0,,,FLYING,0,0,0,0.000,0,-1,0
1785735680.870,-0.000,-0.876,9.320,0.9999,0,0.000,-0.004,0.000,0.2642,nan,nan,nan,0.000,0.000,-0.000,0.0000,-0.2536,0.000,0.000,-0.254,1.445,1.000,-0.880,0.0061,-0.181,nan,0.00,0,0,0,0,0,0.0000,0.000,0,0.000,0,0.000,0,0,,,FLYING,0,0,0,0.000,0,-1,0
1785735680.924,-0.000,-0.876,9.320,0.9999,0,0.000,-0.004,0.000,0.2641,nan,nan,nan,0.000,0.000,-0.000,0.0000,-0.2521,0.000,0.000,-0.252,1.445,1.000,-0.881,0.0061,-0.176,nan,0.00,0,0,0,0,0,0.0000,0.000,0,0.000,0,0.000,0,0,,,FLYING,0,0,0,0.000,0,-1,0
1785735680.960,-0.000,-0.877,9.320,0.9999,0,0.000,-0.003,0.000,0.2641,nan,nan,nan,0.000,0.000,-0.000,0.0000,-0.2482,0.000,0.000,-0.248,1.446,1.000,-0.880,0.0061,-0.171,nan,0.00,0,0,0,0,0,0.0000,0.000,0,0.000,0,0.000,0,0,,,FLYING,0,0,0,0.000,0,-1,0
1785735681.038,-0.000,-0.877,9.320,0.9999,0,0.000,-0.005,0.000,0.2640,nan,nan,nan,0.000,0.000,-0.000,0.0000,-0.2482,0.000,0.000,-0.248,1.446,1.000,-0.882,0.0061,-0.166,nan,0.00,0,0,0,0,0,0.0000,0.000,0,0.000,0,0.000,0,0,,,FLYING,0,0,0,0.000,0,-1,0
1785735681.129,-0.000,-0.878,9.320,0.9999,0,0.000,-0.001,0.000,0.2641,nan,nan,nan,0.000,0.000,-0.000,0.0000,-0.2420,0.000,0.000,-0.242,1.446,1.000,-0.879,0.0061,-0.161,nan,0.00,0,0,0,0,0,0.0000,0.000,0,0.000,0,0.000,0,0,,,FLYING,0,0,0,0.000,0,-1,0
1785735681.225,-0.000,-0.879,9.320,0.9999,0,0.000,0.001,0.000,0.2641,nan,nan,nan,0.000,0.000,-0.000,0.0000,-0.2378,0.000,0.000,-0.238,1.446,1.000,-0.878,0.0061,-0.156,nan,0.00,0,0,0,0,0,0.0000,0.000,0,0.000,0,0.000,0,0,,,FLYING,0,0,0,0.000,0,-1,0
1785735681.309,-0.000,-0.879,9.320,0.9999,0,0.000,0.004,0.000,0.2643,nan,nan,nan,0.000,0.000,-0.000,0.0000,-0.2320,0.000,0.000,-0.232,1.446,1.000,-0.875,0.0061,-0.151,nan,0.00,0,0,0,0,0,0.0000,0.000,0,0.000,0,0.000,0,0,,,FLYING,0,0,0,0.000,0,-1,0
1785735681.410,-0.000,-0.878,9.320,0.9999,0,-0.000,0.006,0.000,0.2643,nan,nan,nan,0.000,0.000,-0.000,0.0000,-0.2271,0.000,0.000,-0.227,1.447,1.000,-0.873,0.0061,-0.147,nan,0.00,0,0,0,0,0,0.0000,0.000,0,0.000,0,0.000,0,0,,,FLYING,0,0,0,0.000,0,-1,0
1785735681.568,-0.000,-0.877,9.320,0.9999,0,-0.000,0.006,0.000,0.2644,nan,nan,nan,0.000,0.000,-0.000,0.0000,-0.2229,0.000,0.000,-0.223,1.447,1.000,-0.871,0.0061,-0.142,nan,0.00,0,0,0,0,0,0.0000,0.000,0,0.000,0,0.000,0,0,,,FLYING,0,0,0,0.000,0,-1,0
1785735681.652,-0.000,-0.875,9.320,0.9999,0,-0.000,0.008,0.000,0.2645,nan,nan,nan,0.000,0.000,-0.000,0.0000,-0.2174,0.000,0.000,-0.217,1.448,1.000,-0.867,0.0061,-0.138,nan,0.00,0,0,0,0,0,0.0000,0.000,0,0.000,0,0.000,0,0,,,FLYING,0,0,0,0.000,0,-1,0
1785735681.809,-0.000,-0.874,9.320,0.9999,0,-0.000,0.006,0.000,0.2645,nan,nan,nan,0.000,0.000,-0.000,0.0000,-0.2155,0.000,0.000,-0.215,1.448,1.000,-0.869,0.0061,-0.134,nan,0.00,0,0,0,0,0,0.0000,0.000,0,0.000,0,0.000,0,0,,,FLYING,0,0,0,0.000,0,-1,0
1785735681.877,-0.000,-0.871,9.320,0.9999,0,-0.000,0.006,0.000,0.2646,nan,nan,nan,0.000,0.000,0.000,0.0000,-0.2108,-0.000,-0.000,-0.211,1.448,1.000,-0.865,0.0061,-0.130,nan,0.00,0,0,0,0,0,0.0000,0.000,0,0.000,0,0.000,0,0,,,FLYING,0,0,0,0.000,0,-1,0
1785735681.950,-0.000,-0.870,9.320,0.9999,0,-0.000,0.003,0.000,0.2645,nan,nan,nan,0.000,0.000,0.000,0.0000,-0.2095,-0.000,-0.000,-0.209,1.449,1.000,-0.867,0.0061,-0.126,nan,0.00,0,0,0,0,0,0.0000,0.000,0,0.000,0,0.000,0,0,,,FLYING,0,0,0,0.000,0,-1,0
1785735682.095,-0.000,-0.869,9.320,0.9999,0,-0.000,0.001,0.000,0.2645,nan,nan,nan,0.000,0.000,0.000,0.0000,-0.2082,-0.000,-0.000,-0.208,1.449,1.000,-0.868,0.0061,-0.122,nan,0.00,0,0,0,0,0,0.0000,0.000,0,0.000,0,0.000,0,0,,,FLYING,0,0,0,0.000,0,-1,0
1785735682.193,-0.000,-0.868,9.320,0.9999,0,-0.000,0.001,0.000,0.2645,nan,nan,nan,0.000,0.000,-0.000,0.0000,-0.2057,0.000,0.000,-0.206,1.449,1.000,-0.867,0.0061,-0.118,nan,0.00,0,0,0,0,0,0.0000,0.000,0,0.000,0,0.000,0,0,,,FLYING,0,0,0,0.000,0,-1,0
1785735682.344,-0.000,-0.868,9.320,0.9999,0,-0.000,0.001,0.000,0.2644,nan,nan,nan,0.000,0.000,-0.000,0.0000,-0.2035,0.000,0.000,-0.204,1.449,1.000,-0.867,0.0061,-0.115,nan,0.00,0,0,0,0,0,0.0000,0.000,0,0.000,0,0.000,0,0,,,FLYING,0,0,0,0.000,0,-1,0
1785735682.467,-0.000,-0.868,9.320,0.9999,0,-0.000,0.003,0.000,0.2645,nan,nan,nan,0.000,0.000,0.000,0.0000,-0.1998,-0.000,-0.000,-0.200,1.450,1.000,-0.864,0.0061,-0.111,nan,0.00,0,0,0,0,0,0.0000,0.000,0,0.000,0,0.000,0,0,,,FLYING,0,0,0,0.000,0,-1,0
1785735682.556,0.000,-0.867,9.320,0.9999,0,-0.000,0.005,0.000,0.2646,nan,nan,nan,0.000,0.000,0.000,0.0000,-0.1963,-0.000,-0.000,-0.196,1.450,1.000,-0.862,0.0061,-0.108,nan,0.00,0,0,0,0,0,0.0000,0.000,0,0.000,0,0.000,0,0,,,FLYING,0,0,0,0.000,0,-1,0
1785735682.627,0.000,-0.866,9.320,0.9999,0,-0.000,0.003,0.000,0.2645,nan,nan,nan,0.000,0.000,0.000,0.0000,-0.1950,-0.000,-0.000,-0.195,1.450,1.000,-0.863,0.0061,-0.105,nan,0.00,0,0,0,0,0,0.0000,0.000,0,0.000,0,0.000,8,0,,,FLYING,0,0,0,0.000,0,-1,0
1785735682.680,0.000,-0.865,9.320,0.9999,0,0.000,0.001,0.000,0.2645,nan,nan,nan,0.000,0.000,0.000,0.0000,-0.1937,-0.000,-0.000,-0.194,1.451,1.000,-0.864,0.0061,-0.102,nan,0.00,0,0,0,0,0,0.0000,0.000,0,0.000,0,0.000,0,0,,,FLYING,0,0,0,0.000,0,-1,0
1785735682.727,0.000,-0.865,9.320,0.9999,0,0.000,0.000,0.000,0.2645,nan,nan,nan,0.000,0.000,-0.000,0.0000,-0.1926,0.000,0.000,-0.193,1.451,1.000,-0.865,0.0061,-0.099,nan,0.00,0,0,0,0,0,0.0000,0.000,0,0.000,0,0.000,0,0,,,FLYING,0,0,0,0.000,0,-1,0
1785735682.775,0.000,-0.865,9.320,0.9999,0,0.000,-0.001,0.000,0.2644,nan,nan,nan,0.000,0.000,-0.000,0.0000,-0.1921,0.000,0.000,-0.192,1.451,1.000,-0.866,0.0061,-0.096,nan,0.00,0,0,0,0,0,0.0000,0.000,0,0.000,0,0.000,0,0,,,FLYING,0,0,0,0.000,0,-1,0
1785735682.840,0.000,-0.865,9.320,0.9999,0,0.000,-0.001,0.000,0.2644,nan,nan,nan,0.000,0.000,0.000,0.0000,-0.1907,-0.000,-0.000,-0.191,1.451,1.000,-0.866,0.0061,-0.093,nan,0.00,0,0,0,0,0,0.0000,0.000,0,0.000,0,0.000,0,0,,,FLYING,0,0,0,0.000,0,-1,0
1785735682.879,0.000,-0.865,9.320,0.9999,0,0.000,-0.001,0.000,0.2643,nan,nan,nan,0.000,0.000,0.000,0.0000,-0.1897,-0.000,-0.000,-0.190,1.451,1.000,-0.867,0.0061,-0.090,nan,0.00,0,0,0,0,0,0.0000,0.000,0,0.000,0,0.000,7,0,,,FLYING,0,0,0,0.000,0,-1,0
1785735682.942,0.000,-0.865,9.320,0.9999,0,0.000,-0.001,0.000,0.2643,nan,nan,nan,0.000,0.000,-0.000,0.0000,-0.1883,0.000,0.000,-0.188,1.451,1.000,-0.867,0.0061,-0.087,nan,0.00,0,0,0,0,0,0.0000,0.000,0,0.000,0,0.000,0,0,,,FLYING,0,0,0,0.000,0,-1,0
1785735683.043,0.000,-0.866,9.320,0.9999,0,0.000,-0.001,0.000,0.2643,nan,nan,nan,0.000,0.000,-0.000,0.0000,-0.1866,0.000,0.000,-0.187,1.451,1.000,-0.866,0.0061,-0.085,nan,0.00,0,0,0,0,0,0.0000,0.000,0,0.000,0,0.000,0,0,,,FLYING,0,0,0,0.000,0,-1,0
1785735683.120,-0.000,-0.866,9.320,0.9999,0,0.000,0.003,0.000,0.2644,nan,nan,nan,0.000,0.000,-0.000,0.0000,-0.1829,0.000,0.000,-0.183,1.452,1.000,-0.863,0.0061,-0.082,nan,0.00,0,0,0,0,0,0.0000,0.000,0,0.000,0,0.000,0,0,,,FLYING,0,0,0,0.000,0,-1,0
1785735683.186,-0.000,-0.866,9.320,0.9999,0,0.000,0.003,0.000,0.2644,nan,nan,nan,0.000,0.000,-0.000,0.0000,-0.1811,0.000,0.000,-0.181,1.452,1.000,-0.863,0.0061,-0.080,nan,0.00,0,0,0,0,0,0.0000,0.000,0,0.000,0,0.000,7,0,,,FLYING,0,0,0,0.000,0,-1,0
1785735683.228,-0.000,-0.865,9.320,0.9999,0,0.000,0.002,0.000,0.2644,nan,nan,nan,0.000,0.000,-0.000,0.0000,-0.1799,0.000,0.000,-0.180,1.452,1.000,-0.863,0.0061,-0.077,nan,0.00,0,0,0,0,0,0.0000,0.000,0,0.000,0,0.000,0,0,,,FLYING,0,0,0,0.000,0,-1,0
1785735683.287,-0.000,-0.865,9.320,0.9999,0,-0.000,0.003,0.000,0.2644,nan,nan,nan,0.000,0.000,-0.000,0.0000,-0.1780,0.000,0.000,-0.178,1.452,1.000,-0.862,0.0061,-0.075,nan,0.00,0,0,0,0,0,0.0000,0.000,0,0.000,0,0.000,0,0,,,FLYING,0,0,0,0.000,0,-1,0
1785735683.412,-0.000,-0.865,9.320,0.9999,0,0.000,0.002,0.000,0.2644,nan,nan,nan,0.000,0.000,-0.000,0.0000,-0.1772,0.000,0.000,-0.177,1.452,1.000,-0.862,0.0061,-0.073,nan,0.00,0,0,0,0,0,0.0000,0.000,0,0.000,0,0.000,0,0,,,FLYING,0,0,0,0.000,0,-1,0
1785735683.555,-0.000,-0.863,9.320,0.9999,0,0.000,0.007,0.000,0.2645,nan,nan,nan,0.000,0.000,-0.000,0.0000,-0.1729,0.000,0.000,-0.173,1.453,1.000,-0.857,0.0061,-0.071,nan,0.00,0,0,0,0,0,0.0000,0.000,0,0.000,0,0.000,0,0,,,FLYING,0,0,0,0.000,0,-1,0
1785735683.603,-0.000,-0.862,9.320,0.9999,0,0.000,0.004,0.000,0.2645,nan,nan,nan,0.000,0.000,-0.000,0.0000,-0.1718,0.000,0.000,-0.172,1.453,1.000,-0.858,0.0061,-0.068,nan,0.00,0,0,0,0,0,0.0000,0.000,0,0.000,0,0.000,0,0,,,FLYING,0,0,0,0.000,0,-1,0
1785735683.664,-0.000,-0.861,9.320,0.9999,0,0.000,0.004,0.000,0.2645,nan,nan,nan,0.000,0.000,-0.000,0.0000,-0.1702,0.000,0.000,-0.170,1.453,1.000,-0.858,0.0061,-0.066,nan,0.00,0,0,0,0,0,0.0000,0.000,0,0.000,0,0.000,0,0,,,FLYING,0,0,0,0.000,0,-1,0
1785735683.778,-0.000,-0.861,9.320,0.9999,0,0.000,0.002,0.000,0.2645,nan,nan,nan,0.000,0.000,-0.000,0.0000,-0.1697,0.000,0.000,-0.170,1.453,1.000,-0.859,0.0061,-0.064,nan,0.00,0,0,0,0,0,0.0000,0.000,0,0.000,0,0.000,0,0,,,FLYING,0,0,0,0.000,0,-1,0
1785735683.916,-0.000,-0.860,9.320,0.9999,0,-0.000,0.003,0.000,0.2645,nan,nan,nan,0.000,0.000,-0.000,0.0000,-0.1683,0.000,0.000,-0.168,1.454,1.000,-0.858,0.0061,-0.062,nan,0.00,0,0,0,0,0,0.0000,0.000,0,0.000,0,0.000,0,0,,,FLYING,0,0,0,0.000,0,-1,0
1785735684.015,-0.000,-0.859,9.320,0.9999,0,-0.000,0.005,0.000,0.2645,nan,nan,nan,0.000,0.000,-0.000,0.0000,-0.1661,0.000,0.000,-0.166,1.454,1.000,-0.855,0.0061,-0.061,nan,0.00,0,0,0,0,0,0.0000,0.000,0,0.000,0,0.000,0,0,,,FLYING,0,0,0,0.000,0,-1,0
1785735684.105,-0.000,-0.858,9.320,0.9999,0,-0.000,0.005,0.000,0.2645,nan,nan,nan,0.000,0.000,-0.000,0.0000,-0.1642,0.000,0.000,-0.164,1.454,1.000,-0.854,0.0061,-0.059,nan,0.00,0,0,0,0,0,0.0000,0.000,0,0.000,0,0.000,0,0,,,FLYING,0,0,0,0.000,0,-1,0
1785735684.149,-0.000,-0.858,9.320,0.9999,0,-0.000,0.003,0.000,0.2645,nan,nan,nan,0.000,0.000,0.000,0.0000,-0.1633,-0.000,-0.000,-0.163,1.455,1.000,-0.854,0.0061,-0.057,nan,0.00,0,0,0,0,0,0.0000,0.000,0,0.000,0,0.000,0,0,,,FLYING,0,0,0,0.000,0,-1,0
1785735684.195,-0.000,-0.857,9.320,0.9999,0,-0.000,0.002,0.000,0.2645,nan,nan,nan,0.000,0.000,0.000,0.0000,-0.1626,-0.000,-0.000,-0.163,1.455,1.000,-0.855,0.0061,-0.055,nan,0.00,0,0,0,0,0,0.0000,0.000,0,0.000,0,0.000,0,0,,,FLYING,0,0,0,0.000,0,-1,0
1785735684.234,-0.000,-0.857,9.320,0.9999,0,-0.000,0.001,0.000,0.2645,nan,nan,nan,0.000,0.000,0.000,0.0000,-0.1620,-0.000,-0.000,-0.162,1.455,1.000,-0.856,0.0061,-0.054,nan,0.00,0,0,0,0,0,0.0000,0.000,0,0.000,0,0.000,9,0,,,FLYING,0,0,0,0.000,0,-1,0
1785735684.322,-0.000,-0.857,9.320,0.9999,0,-0.000,0.002,0.000,0.2645,nan,nan,nan,0.000,0.000,0.000,0.0000,-0.1609,-0.000,-0.000,-0.161,1.455,1.000,-0.855,0.0061,-0.052,nan,0.00,0,0,0,0,0,0.0000,0.000,0,0.000,0,0.000,0,0,,,FLYING,0,0,0,0.000,0,-1,0
1785735684.395,-0.000,-0.856,9.320,0.9999,0,-0.000,0.000,0.000,0.2645,nan,nan,nan,0.000,0.000,0.000,0.0000,-0.1604,-0.000,-0.000,-0.160,1.455,1.000,-0.856,0.0061,-0.050,nan,0.00,0,0,0,0,0,0.0000,0.000,0,0.000,0,0.000,0,0,,,FLYING,0,0,0,0.000,0,-1,0
1785735684.594,-0.000,-0.856,9.320,0.9999,0,-0.000,0.001,0.000,0.2645,nan,nan,nan,0.000,0.000,-0.000,0.0000,-0.1592,0.000,0.000,-0.159,1.455,1.000,-0.855,0.0061,-0.049,nan,0.00,0,0,0,0,0,0.0000,0.000,0,0.000,0,0.000,0,0,,,FLYING,0,0,0,0.000,0,-1,0
1785735684.663,0.000,-0.856,9.320,0.9999,0,-0.000,0.005,0.000,0.2645,nan,nan,nan,0.000,0.000,0.000,0.0000,-0.1567,-0.000,-0.000,-0.157,1.456,1.000,-0.851,0.0061,-0.048,nan,0.00,0,0,0,0,0,0.0000,0.000,0,0.000,0,0.000,0,0,,,FLYING,0,0,0,0.000,0,-1,0
1785735684.762,0.000,-0.855,9.320,0.9999,0,0.000,0.005,0.000,0.2645,nan,nan,nan,0.000,0.000,-0.000,0.0000,-0.1554,0.000,0.000,-0.155,1.456,1.000,-0.850,0.0061,-0.046,nan,0.00,0,0,0,0,0,0.0000,0.000,0,0.000,0,0.000,0,0,,,FLYING,0,0,0,0.000,0,-1,0
1785735684.851,0.000,-0.855,9.320,0.9999,0,-0.000,0.004,0.000,0.2645,nan,nan,nan,0.000,0.000,0.000,0.0000,-0.1547,-0.000,-0.000,-0.155,1.456,1.000,-0.851,0.0061,-0.045,nan,0.00,0,0,0,0,0,0.0000,0.000,0,0.000,0,0.000,0,0,,,FLYING,0,0,0,0.000,0,-1,0
1785735684.941,0.000,-0.853,9.320,0.9999,0,0.000,0.005,0.000,0.2646,nan,nan,nan,0.000,0.000,-0.000,0.0000,-0.1532,0.000,0.000,-0.153,1.457,1.000,-0.848,0.0061,-0.043,nan,0.00,0,0,0,0,0,0.0000,0.000,0,0.000,0,0.000,0,0,,,FLYING,0,0,0,0.000,0,-1,0
1785735684.985,-0.000,-0.852,9.320,0.9999,0,0.000,0.003,0.000,0.2646,nan,nan,nan,0.000,0.000,-0.000,0.0000,-0.1526,0.000,0.000,-0.153,1.457,1.000,-0.849,0.0061,-0.042,nan,0.00,0,0,0,0,0,0.0000,0.000,0,0.000,0,0.000,0,0,,,FLYING,0,0,0,0.000,0,-1,0
1785735685.016,-0.000,-0.852,9.320,0.9999,0,-0.000,0.001,0.000,0.2645,nan,nan,nan,0.000,0.000,0.000,0.0000,-0.1524,-0.000,-0.000,-0.152,1.457,1.000,-0.851,0.0061,-0.041,nan,0.00,0,0,0,0,0,0.0000,0.000,0,0.000,0,0.000,0,0,,,FLYING,0,0,0,0.000,0,-1,0
1785735685.186,-0.000,-0.852,9.320,0.9999,0,-0.000,-0.001,0.000,0.2645,nan,nan,nan,0.000,0.000,0.000,0.0000,-0.1524,-0.000,-0.000,-0.152,1.457,1.000,-0.852,0.0061,-0.040,nan,0.00,0,0,0,0,0,0.0000,0.000,0,0.000,0,0.000,0,0,,,FLYING,0,0,0,0.000,0,-1,0
1785735685.388,0.000,-0.851,9.320,0.9999,0,-0.000,0.004,0.000,0.2645,nan,nan,nan,0.000,0.000,0.000,0.0000,-0.1505,-0.000,-0.000,-0.151,1.457,1.000,-0.848,0.0061,-0.038,nan,0.00,0,0,0,0,0,0.0000,0.000,0,0.000,0,0.000,0,0,,,FLYING,0,0,0,0.000,0,-1,0
1785735685.541,0.000,-0.851,9.320,0.9999,0,-0.000,0.009,0.000,0.2646,nan,nan,nan,0.000,0.000,0.000,0.0000,-0.1479,-0.000,-0.000,-0.148,1.458,1.000,-0.842,0.0061,-0.037,nan,0.00,0,0,0,0,0,0.0000,0.000,0,0.000,0,0.000,0,0,,,FLYING,0,0,0,0.000,0,-1,0
1785735685.621,0.000,-0.849,9.320,0.9999,0,-0.000,0.008,0.000,0.2646,nan,nan,nan,0.000,0.000,0.000,0.0000,-0.1467,-0.000,-0.000,-0.147,1.458,1.000,-0.841,0.0061,-0.036,nan,0.00,0,0,0,0,0,0.0000,0.000,0,0.000,0,0.000,5,0,,,FLYING,0,0,0,0.000,0,-1,0
1785735685.691,0.000,-0.848,9.320,0.9999,0,-0.000,0.005,0.000,0.2646,nan,nan,nan,0.000,0.000,0.000,0.0000,-0.1464,-0.000,-0.000,-0.146,1.459,1.000,-0.843,0.0061,-0.035,nan,0.00,0,0,0,0,0,0.0000,0.000,0,0.000,0,0.000,0,0,,,FLYING,0,0,0,0.000,0,-1,0
1785735685.750,0.000,-0.847,9.320,0.9999,0,-0.000,0.003,0.000,0.2646,nan,nan,nan,0.000,0.000,0.000,0.0000,-0.1462,-0.000,-0.000,-0.146,1.459,1.000,-0.844,0.0061,-0.034,nan,0.00,0,0,0,0,0,0.0000,0.000,0,0.000,0,0.000,0,0,,,FLYING,0,0,0,0.000,0,-1,0
1785735685.818,0.000,-0.846,9.320,0.9999,0,-0.000,0.002,0.000,0.2646,nan,nan,nan,0.000,0.000,0.000,0.0000,-0.1459,-0.000,-0.000,-0.146,1.459,1.000,-0.844,0.0061,-0.033,nan,0.00,0,0,0,0,0,0.0000,0.000,0,0.000,0,0.000,0,0,,,FLYING,0,0,0,0.000,0,-1,0
1785735685.904,0.000,-0.846,9.320,0.9999,0,-0.000,0.001,0.000,0.2646,nan,nan,nan,0.000,0.000,0.000,0.0000,-0.1456,-0.000,-0.000,-0.146,1.459,1.000,-0.845,0.0061,-0.032,nan,0.00,0,0,0,0,0,0.0000,0.000,0,0.000,0,0.000,0,0,,,FLYING,0,0,0,0.000,0,-1,0
1785735685.943,0.000,-0.846,9.320,0.9999,0,-0.000,0.000,0.000,0.2645,nan,nan,nan,0.000,0.000,0.001,0.0000,-0.1453,-0.000,-0.000,-0.145,1.459,1.000,-0.846,0.0061,-0.031,nan,0.00,0,0,0,0,0,0.0000,0.000,0,0.000,0,0.000,0,0,,,FLYING,0,0,0,0.000,0,-1,0
1785735686.010,0.000,-0.846,9.320,0.9999,0,-0.000,0.001,0.000,0.2645,nan,nan,nan,0.000,0.000,0.001,0.0000,-0.1449,-0.000,-0.000,-0.145,1.459,1.000,-0.845,0.0061,-0.030,nan,0.00,0,0,0,0,0,0.0000,0.000,0,0.000,0,0.000,0,0,,,FLYING,0,0,0,0.000,0,-1,0
1785735686.052,0.000,-0.846,9.320,0.9999,0,-0.000,-0.001,0.000,0.2645,nan,nan,nan,0.000,0.000,0.001,0.0000,-0.1447,-0.000,-0.000,-0.145,1.459,1.000,-0.846,0.0061,-0.029,nan,0.00,0,0,0,0,0,0.0000,0.000,0,0.000,0,0.000,0,0,,,FLYING,0,0,0,0.000,0,-1,0
1785735686.098,0.000,-0.846,9.320,0.9999,0,-0.000,-0.001,0.000,0.2645,nan,nan,nan,0.000,0.000,0.001,0.0000,-0.1444,-0.000,-0.000,-0.144,1.460,1.000,-0.847,0.0061,-0.028,nan,0.00,0,0,0,0,0,0.0000,0.000,0,0.000,0,0.000,0,0,,,FLYING,0,0,0,0.000,0,-1,0
1785735686.149,0.000,-0.846,9.320,0.9999,0,-0.000,0.000,0.000,0.2645,nan,nan,nan,0.000,0.000,0.001,0.0000,-0.1438,-0.000,-0.000,-0.144,1.460,1.000,-0.846,0.0061,-0.027,nan,0.00,0,0,0,0,0,0.0000,0.000,0,0.000,0,0.000,0,0,,,FLYING,0,0,0,0.000,0,-1,0
1785735686.191,0.000,-0.846,9.320,0.9999,0,-0.000,-0.000,0.000,0.2645,nan,nan,nan,0.000,0.000,0.001,0.0000,-0.1435,-0.000,-0.000,-0.143,1.460,1.000,-0.846,0.0061,-0.027,nan,0.00,0,0,0,0,0,0.0000,0.000,0,0.000,0,0.000,0,0,,,FLYING,0,0,0,0.000,0,-1,0
1785735686.322,0.000,-0.846,9.320,0.9999,0,-0.000,0.000,0.000,0.2645,nan,nan,nan,0.000,0.000,0.001,0.0000,-0.1429,-0.000,-0.000,-0.143,1.460,1.000,-0.845,0.0061,-0.026,nan,0.00,0,0,0,0,0,0.0000,0.000,0,0.000,0,0.000,0,0,,,FLYING,0,0,0,0.000,0,-1,0
1785735686.403,0.001,-0.846,9.320,0.9999,0,-0.000,0.004,0.000,0.2645,nan,nan,nan,0.000,0.000,0.001,0.0000,-0.1417,-0.000,-0.000,-0.142,1.460,1.000,-0.842,0.0061,-0.025,nan,0.00,0,0,0,0,0,0.0000,0.000,0,0.000,0,0.000,0,0,,,FLYING,0,0,0,0.000,0,-1,0
1785735686.538,0.001,-0.845,9.320,0.9999,0,-0.000,0.004,0.000,0.2645,nan,nan,nan,0.000,0.000,0.001,0.0000,-0.1410,-0.000,-0.000,-0.141,1.461,1.000,-0.842,0.0061,-0.024,nan,0.00,0,0,0,0,0,0.0000,0.000,0,0.000,0,0.000,0,0,,,FLYING,0,0,0,0.000,0,-1,0
1785735686.652,0.001,-0.844,9.320,0.9999,0,-0.000,0.005,0.000,0.2646,nan,nan,nan,0.000,0.000,0.001,0.0000,-0.1400,-0.000,-0.000,-0.140,1.461,1.000,-0.839,0.0061,-0.024,nan,0.00,0,0,0,0,0,0.0000,0.000,0,0.000,0,0.000,0,0,,,FLYING,0,0,0,0.000,0,-1,0
1785735686.721,0.001,-0.843,9.320,0.9999,0,-0.000,0.006,0.000,0.2646,nan,nan,nan,0.000,0.000,0.001,0.0000,-0.1391,-0.000,-0.000,-0.139,1.461,1.000,-0.836,0.0061,-0.023,nan,0.00,0,0,0,0,0,0.0000,0.000,0,0.000,0,0.000,0,0,,,FLYING,0,0,0,0.000,0,-1,0
1785735686.793,0.001,-0.843,9.320,0.9999,0,-0.000,0.003,0.000,0.2646,nan,nan,nan,0.000,0.000,0.001,0.0000,-0.1391,-0.000,-0.000,-0.139,1.461,1.000,-0.839,0.0061,-0.022,nan,0.00,0,0,0,0,0,0.0000,0.000,0,0.000,0,0.000,0,0,,,FLYING,0,0,0,0.000,0,-1,0
